{
	"header": {
		"no": "Mangler informasjonskapsel",
		"de": "Cookie fehlt",
		"fi": "Puuttuva ev\u00e4ste",
		"sl": "Pi\u0161kotek (\"cookie\") ne obstaja!",
		"pt": "Cookie n\u00e3o encontrado",
		"sv": "Saknar webbl\u00e4sarkaka (cookie)",
		"hr": "Nedostaje kola\u010di\u0107 (cookie)",
		"da": "Mangler cookie",
		"fr": "Cookie introuvable",
		"nn": "Manglar informasjonskapsel",
		"lt": "Slapukas nerastas",
		"it": "Cookie mancante",
		"es": "No se encuentra cookie",
		"hu": "Hi\u00e1nyz\u00f3 s\u00fcti (cookie)",
		"nl": "Cookie ontbreekt",
		"ja": "\u30af\u30c3\u30ad\u30fc\u304c\u898b\u3064\u304b\u308a\u307e\u305b\u3093",
		"zh-tw": "\u907a\u5931 cookie",
		"et": "K\u00fcpsis puudub",
		"he": "\u05d7\u05e1\u05e8\u05d4 \u05e2\u05d5\u05d2\u05d9\u05d9\u05d4",
		"zh": "cookie\u4e22\u5931",
		"ar": "\u0623\u0644\u0643\u0648\u0643\u064a\u0632 \u0627\u0644\u0645\u0641\u0642\u0648\u062f\u0629",
		"lv": "Tr\u016bkst s\u012bkdatnes",
		"id": "Cookie hilang",
		"sr": "Nedostaje kola\u010di\u0107 (cookie)",
		"cs": "Chyb\u011bj\u00edc\u00ed cookie"
	},
	"description": {
		"no": "Du ser ut til \u00e5 ha deaktivert informasjonskapsler. Kontroller innstillingene i nettleseren din og pr\u00f8v igjen.",
		"de": "Sie scheinen Cookies in Ihrem Browser deaktiviert zu haben. Bitte \u00fcberpr\u00fcfen Sie die Einstellungen in Ihrem Browser und versuchen Sie es erneut.",
		"fi": "N\u00e4ytt\u00e4\u00e4, ett\u00e4 olet kielt\u00e4nyt ev\u00e4steiden k\u00e4yt\u00f6n selaimessasi. Ole hyv\u00e4 ja salli ev\u00e4steet selaimestasi ja yrit\u00e4 uudelleen.",
		"sl": "Va\u0161 spletni brskalnik ima onemogo\u010dene pi\u0161kotke (\"cookies\"). Omogo\u010dite to nastavitev in poskusite ponovno.",
		"pt": "Provavelmente desligou o suporte de cookies no seu browser. Por favor verifique se tem o suporte de cookies ligado e tente de novo.",
		"sv": "Det verkar som om du har st\u00e4ngt av m\u00f6jligheten till kakor (cookies) i din webbl\u00e4sare. Kontrollera inst\u00e4llningarna i webbl\u00e4saren och f\u00f6rs\u00f6k igen.",
		"hr": "Izgleda da ste onemogu\u0107ili kola\u010di\u0107e (cookies) u va\u0161em web pregledniku. Molimo provjerite postavke va\u0161eg web preglednika i poku\u0161ajte ponovo.",
		"da": "Det ser ud til at du har sl\u00e5et cookies fra i din browser. Tjek dine browserinstillinger og pr\u00f8v igen.",
		"fr": "Il semble que votre navigateur refuse les cookies. Merci de v\u00e9rifier les r\u00e9glages de votre navigateur, puis de r\u00e9-essayer.",
		"nn": "Det ser ut til at informasjonskapslar er avsl\u00e5tt i nettlesaren din. V\u00e6r vennleg og sjekk instillingane i nettlesaren din, og pr\u00f8v p\u00e5 nytt.",
		"lt": "Atrodo J\u016bs\u0173 nar\u0161ykl\u0117 nepalaiko slapuk\u0173. Patikrinkite nar\u0161ykl\u0117s nustatymus ir bandykite dar kart\u0105.",
		"it": "Sembra che i cookie siano disabilitati nel browser. Si prega di verificare e quindi riprovare.",
		"es": "Al parecer ha deshabilitado las cookies de su navegador. Por favor revise las preferencias de su navegador y reintente.",
		"hu": "\u00dagy t\u0171nik, az \u00f6n b\u00f6ng\u00e9sz\u0151j\u00e9ben nincsenek enged\u00e9lyezve a s\u00fctik (cookie) haszn\u00e1lata. K\u00e9rj\u00fck ellen\u0151rizze be\u00e1ll\u00edt\u00e1sait, majd pr\u00f3b\u00e1lja \u00fajra.",
		"nl": "Het ziet er naaruit dat cookies zijn uitgeschakeld in uw browser. Controleer de browserinstellingen en probeer het opnieuw.",
		"ja": "\u3042\u306a\u305f\u306e\u30d6\u30e9\u30a6\u30b6\u3067\u30af\u30c3\u30ad\u30fc\u304c\u7121\u52b9\u5316\u3055\u308c\u3066\u3044\u308b\u69d8\u3067\u3059\u3002\u30d6\u30e9\u30a6\u30b6\u306e\u8a2d\u5b9a\u3092\u78ba\u8a8d\u3057\u3001\u518d\u5ea6\u8a66\u3057\u3066\u304f\u3060\u3055\u3044\u3002",
		"zh-tw": "\u60a8\u53ef\u80fd\u95dc\u9589\u4e86\u700f\u89bd\u5668 cookie \u652f\u63f4\uff0c\u8acb\u6aa2\u67e5\u700f\u89bd\u5668\u8a2d\u5b9a\uff0c\u7136\u5f8c\u518d\u8a66\u4e00\u6b21\u3002",
		"et": "Paistab, et sinu brauseris on k\u00fcpsised keelatud. Palun kontrolli brauseri seadistusi ja proovi seej\u00e4rel uuesti.",
		"he": "\u05e0\u05e8\u05d0\u05d4 \u05e9\u05db\u05d9\u05d1\u05d9\u05ea \u05d0\u05ea \u05d4\u05e2\u05d5\u05d2\u05d9\u05d5\u05ea \u05d1\u05d3\u05e4\u05d3\u05e4\u05df \u05e9\u05dc\u05da\u05e5 \u05d0\u05e0\u05d0 \u05d1\u05d3\u05d5\u05e7 \u05d0\u05ea \u05d4\u05d4\u05d2\u05d3\u05e8\u05d5\u05ea \u05d1\u05d3\u05e4\u05d3\u05e4\u05df \u05e9\u05dc\u05da, \u05d5\u05e0\u05e1\u05d4 \u05e9\u05e0\u05d9\u05ea. ",
		"zh": "\u4f60\u4f3c\u4e4e\u7981\u6b62\u4e86\u4f60\u6d4f\u89c8\u5668\u7684cookie\u529f\u80fd\uff0c\u8bf7\u68c0\u67e5\u8bbe\u7f6e\uff0c\u7136\u540e\u91cd\u65b0\u5c1d\u8bd5",
		"ar": "\u064a\u0628\u062f\u0648 \u0627\u0646\u0643 \u0642\u062f \u0639\u0637\u0644\u062a \u0627\u0644\u0643\u0648\u0643\u064a\u0632 \u0628\u0645\u062a\u0635\u0641\u062d\u0643. \u0642\u0645 \u0631\u062c\u0627\u0621\u0627 \u0628\u0645\u0631\u0627\u062c\u0639\u0629 \u0625\u0639\u062f\u0627\u062f\u0627\u062a \u0645\u062a\u0635\u0641\u062d\u0643 \u062b\u0645 \u062d\u0627\u0648\u0644 \u0645\u0631\u0629 \u0627\u062e\u0631\u064a",
		"lv": "Izskat\u0101s, ka J\u016bsu interneta p\u0101rl\u016bk\u0101 ir aizliegtas s\u012bkdatnes. L\u016bdzu p\u0101rbaudiet sava p\u0101rl\u016bka uzst\u0101d\u012bjumus un m\u0113\u0123iniet v\u0113lreiz.",
		"id": "Anda sepertinya menonaktifkan cookie di browser anda. Silahkan periksa  pengaturan pada browser anda, dan coba lagi.",
		"sr": "Izgleda da ste onemogu\u0107ili kola\u010di\u0107e (cookies) u va\u0161em web pretra\u017eiva\u010du. Molimo proverite pode\u0161avanja va\u0161eg web pretra\u017eiva\u010da i poku\u0161ajte ponovo.",
		"cs": "V\u00e1\u0161 internetov\u00fd prohl\u00ed\u017ee\u010d m\u00e1 z\u0159ejm\u011b vypnutou podporu cookies. Pros\u00edme, zkontrolujte nastaven\u00ed cookies ve va\u0161em prohl\u00ed\u017ee\u010di a zkuste znovu."
	},
	"retry": {
		"no": "Pr\u00f8v igjen",
		"de": "Erneut versuchen",
		"fi": "Uudestaan",
		"sl": "Poskusi ponovno",
		"pt": "Tentar de novo",
		"sv": "F\u00f6rs\u00f6k igen",
		"hr": "Poku\u0161aj ponovo",
		"da": "Fors\u00f8g igen",
		"fr": "R\u00e9-essayer",
		"nn": "Pr\u00f8v p\u00e5 nytt",
		"lt": "Bandyti dar kart\u0105",
		"it": "Riprovare",
		"es": "Reintentar",
		"hu": "\u00dajra",
		"nl": "Opnieuw",
		"ja": "\u518d\u8a66\u884c",
		"zh-tw": "\u91cd\u8a66",
		"et": "Proovi uuesti",
		"he": "\u05e0\u05e1\u05d4 \u05e9\u05e0\u05d9\u05ea",
		"ru": "\u041f\u043e\u0432\u0442\u043e\u0440\u0438\u0442\u044c",
		"zh": "\u91cd\u8bd5",
		"ar": "\u0627\u0639\u062f \u0627\u0644\u0645\u062d\u0627\u0648\u0644\u0629",
		"lv": "M\u0113\u0123in\u0101t v\u0113lreiz",
		"id": "Coba lagi",
		"sr": "Poku\u0161aj ponovo",
		"cs": "Opakujte"
	}
}
