{
	"modlist_header": {
		"no": "Tilgjengelige moduler",
		"de": "Verf\u00fcgbare Module",
		"sl": "Razpolo\u017eljivi moduli",
		"pt": "M\u00f3dulos dispon\u00edveis",
		"sv": "Tillg\u00e4ngliga moduler",
		"hr": "Raspolo\u017eivi moduli",
		"da": "Tilg\u00e6ngelige moduler",
		"fr": "Modules disponibles",
		"it": "Moduli disponibili",
		"es": "M\u00f3dulos disponibles",
		"lt": "Esami moduliai",
		"hu": "El\u00e9rhet\u0151 modulok",
		"nl": "Beschikbare modules",
		"ja": "\u6709\u52b9\u306a\u30e2\u30b8\u30e5\u30fc\u30eb",
		"zh-tw": "\u53ef\u4f7f\u7528\u7684\u6a21\u7d44",
		"nn": "Tilgjengelege modular",
		"et": "Saadaolevad moodulid",
		"he": "\u05de\u05d5\u05d3\u05d5\u05dc\u05d9\u05dd \u05d6\u05de\u05d9\u05e0\u05d9\u05dd",
		"ru": "\u0414\u043e\u0441\u0442\u0443\u043f\u043d\u044b\u0435 \u043c\u043e\u0434\u0443\u043b\u0438",
		"zh": "\u53ef\u7528\u7684\u6a21\u5757",
		"ar": "\u0646\u0645\u0627\u0630\u062c \u0645\u062a\u0648\u0641\u0631\u0629",
		"lv": "Pieejamie modu\u013ci",
		"id": "Module-module yang tersedia",
		"sr": "Raspolo\u017eivi moduli",
		"ro": "Module disponibile",
		"cs": "Dostupn\u00e9 moduly"
	},
	"modlist_name": {
		"no": "Navn",
		"de": "Name",
		"sl": "Ime",
		"pt": "Nome",
		"sv": "Namn",
		"hr": "Naziv",
		"da": "Navn",
		"fr": "Nom",
		"it": "Nome",
		"es": "Nombre",
		"lt": "Pavadinimas",
		"hu": "N\u00e9v",
		"nl": "Naam",
		"ja": "\u540d\u524d",
		"zh-tw": "\u540d\u5b57",
		"nn": "Namn",
		"et": "Nimi",
		"he": "\u05e9\u05dd",
		"ru": "\u0418\u043c\u044f",
		"zh": "\u540d\u5b57",
		"ar": "\u0627\u0644\u0627\u0633\u0645",
		"lv": "V\u0101rds",
		"id": "Nama",
		"sr": "Naziv",
		"ro": "Nume",
		"cs": "Jm\u00e9no"
	},
	"modlist_status": {
		"no": "Status",
		"de": "Status",
		"sl": "Status",
		"pt": "Estado",
		"sv": "Status",
		"hr": "Status",
		"da": "Status",
		"fr": "Statut",
		"it": "Stato",
		"es": "Estado",
		"lt": "B\u016bsena",
		"hu": "\u00c1llapot",
		"nl": "Status",
		"ja": "\u30b9\u30c6\u30fc\u30bf\u30b9",
		"zh-tw": "\u72c0\u614b",
		"nn": "Status",
		"et": "Olek",
		"he": "\u05de\u05e6\u05d1",
		"ru": "\u0421\u0442\u0430\u0442\u0443\u0441",
		"zh": "\u72b6\u6001",
		"ar": "\u0627\u0644\u062d\u0627\u0644\u0629",
		"lv": "Statuss",
		"id": "Status",
		"sr": "Status",
		"ro": "Stare",
		"cs": "Stav"
	},
	"modlist_enabled": {
		"no": "P\u00e5sl\u00e5tt",
		"de": "Aktiviert",
		"sl": "Vklopljen",
		"pt": "Activo",
		"sv": "Aktiv",
		"hr": "Omogu\u0107en",
		"da": "Sl\u00e5et til",
		"fr": "Activ\u00e9",
		"it": "Attivato",
		"es": "Habilitado",
		"lt": "Palaikomas",
		"hu": "Enged\u00e9lyezve",
		"nl": "Ingeschakeld",
		"ja": "\u6709\u52b9",
		"zh-tw": "\u555f\u7528",
		"nn": "P\u00e5sl\u00e5tt",
		"et": "Lubatud",
		"he": "\u05de\u05d5\u05e4\u05e2\u05dc",
		"ru": "\u0412\u043a\u043b\u044e\u0447\u0435\u043d\u043d\u044b\u0439",
		"zh": "\u542f\u7528",
		"ar": "\u0645\u0645\u0643\u0646",
		"lv": "Iesp\u0113jots",
		"id": "Diaktifkan",
		"sr": "Omogu\u0107en",
		"ro": "Activat\/Disponibil",
		"cs": "Povolen\u00fd"
	},
	"modlist_disabled": {
		"no": "Avsl\u00e5tt",
		"de": "Deaktiviert",
		"sl": "Izklopljen",
		"pt": "Inactivo",
		"sv": "Ej aktiv",
		"hr": "Onemogu\u0107en",
		"da": "Sl\u00e5et fra",
		"fr": "D\u00e9sactiv\u00e9",
		"it": "Disattivato",
		"es": "Deshabilitado",
		"lt": "Nepalaikomas",
		"hu": "Tiltva",
		"nl": "Uitgeschakeld",
		"ja": "\u7121\u52b9",
		"zh-tw": "\u505c\u7528",
		"nn": "Avsl\u00e5tt",
		"et": "Keelatud",
		"he": "\u05db\u05d1\u05d5\u05d9",
		"ru": "\u0412\u044b\u043a\u043b\u044e\u0447\u0435\u043d\u043d\u044b\u0439",
		"zh": "\u5173\u95ed",
		"ar": "\u0645\u0645\u0646\u0648\u0639",
		"lv": "Atsp\u0113jots",
		"id": "Dinonaktifkan",
		"sr": "Onemogu\u0107en",
		"ro": "Dezactivat\/Nedisponibil",
		"cs": "Zak\u00e1zan\u00fd"
	}
}
