{
	"header": {
		"no": "Login med YubiKey",
		"nn": "Logg inn med YubiKey",
		"sv": "Logga in med YubiKey",
		"es": "Accede utilizando YubiKey",
		"de": "Anmelden mit YubiKey",
		"nl": "Inloggen met YubiKey",
		"sl": "Prijavi se z YubiKey",
		"da": "Login med YubiKey",
		"hr": "Prijavite se pomo\u0107u YubiKey-a",
		"hu": "YubiKey bejelentkez\u00e9s",
		"fi": "Kirjaudu Yubikeylla",
		"pt": "Entrar com YubiKey",
		"pl": "Login z YubiKey",
		"tr": "YubiKey ile giri\u015f",
		"fr": "S'authentifier avec YubiKey",
		"it": "Connessione con YubiKey",
		"lt": "Jungtis su YubiKey",
		"ja": "YubiKey\u3067\u30ed\u30b0\u30a4\u30f3",
		"zh-tw": "\u4f7f\u7528 YubiKey \u767b\u5165",
		"et": "Logi sisse YubiKey abil",
		"he": "\u05db\u05e0\u05e1 \u05e2\u05dd \u05d9\u05d5\u05d1\u05d9\u05e7\u05d9",
		"ru": "\u0412\u043e\u0439\u0442\u0438 \u0441 \u043f\u043e\u043c\u043e\u0449\u044c\u044e YubiKey",
		"zh": "\u4f7f\u7528YubiKey\u767b\u5f55",
		"ar": "\u0623\u062f\u062e\u0644 \u0645\u0633\u062a\u062e\u062f\u0645\u0627\u064bYubiKey ",
		"lv": "Piesl\u0113gties ar YubiKey",
		"id": "Login dengan YubiKey",
		"sr": "Prijavite se pomo\u0107u YubiKey-a"
	},
	"intro": {
		"no": "En tjeneste har bedt om at du autentiserer deg. For \u00e5 autentisere seg, trykk p\u00e5 knappen p\u00e5 din YubiKey. Feltet under vil da bli automatisk utfylt med et sikkert engangspassord.",
		"nn": "Ei webteneste har spurt om at du loggar inn.  For \u00e5 logga inn, klikk p\u00e5 knappen p\u00e5 din YubiKey.  Feltet nedanfor blir automatisk fylt ut med eit sikkert eingongspassord n\u00e5r du trykker p\u00e5 YubiKey.",
		"sv": "En tj\u00e4nst vill att du ska logga in. F\u00f6r att logga in tryck p\u00e5 knappen p\u00e5 din YubiKey. F\u00e4ltet nedan ska n\u00e4r du trycker bli ifyllt med ett s\u00e4kert eng\u00e5ngsl\u00f6senord.",
		"es": "Un servicio ha solicitado que se autentique. Para autenticarse, haga clic en el bot\u00f3n de su YubiKey. El campo situado debajo deber\u00eda rellenarse autom\u00e1tica con una clave de un \u00fanico uso (OTP) segura",
		"de": "Ein Service verlangt nach Ihrer validierung. Bitte dr\u00fccken Sie den Knopf auf Ihrem YubiKey. Ihr sicheres Einmalpasswort wird dann in das vorgesehene Feld geschrieben.",
		"nl": "Een dienst vroeg om authenticatie. Om te authenticaren, klik op de knop van je YubiKey. In het veld hieronder zal dan automatisch een veilig eenmalig wachtwoord worden ingevuld.",
		"sl": "Nekatere storitve zahtevajo avtentikacijo, ki jo izvedete s klikom na gumb YubiKey. V polju spodaj se bo nato samodejno prikazalo geslo za enkratno uporabo.",
		"da": "Nogle services kr\u00e6ver autentificering. For at autentificere klik p\u00e5 knappen p\u00e5 din YubiKey. Feltet herunder skulle nu automatisk blive udfyldt med et sikkert one-time-password.",
		"hr": "Neki od servisa je zatra\u017eio da se autentificirate. Da biste se autentificirali pritisnite gumb na va\u0161em YubiKey ure\u0111aju. Nakon toga bi u polje ispod trebala biti automatski upisana jednokratna zaporka.",
		"hu": "Egy szolg\u00e1ltat\u00e1s azonos\u00edt\u00e1st k\u00e9rt. K\u00e9rj\u00fck, nyomja meg a gombot a YubiKey-n! Az al\u00e1bbi mez\u0151 automatikusan ki kell, hogy t\u00f6lt\u0151dj\u00f6n egy biztons\u00e1gos egyszerhaszn\u00e1latos jelsz\u00f3val.",
		"fi": "Jotkin palvelut vaativat k\u00e4ytt\u00e4j\u00e4tunnistuksen. Paina nappia Yubikeyssasi tunnistautuaksesi. Allaolevaan kentt\u00e4\u00e4 tulee automaattisesti kertak\u00e4ytt\u00f6salasanasi.",
		"pt": "Um servi\u00e7o necessita de autentica\u00e7\u00e3o. Para se autenticar, clique no bot\u00e3o da sua YubiKey. O campo em baixo dever\u00e1 ser automaticamente preenchido com uma palavra-passe segura que funcionar\u00e1 apenas uma vez.",
		"pl": "Jaki\u015b serwis za\u017c\u0105da\u0142 uwierzytelnienia. W celu uwierzytelnienia naci\u015bnij przycisk na Twoim YubiKey. Nast\u0119pnie poni\u017csze pole powinno zosta\u0107 automatycznie wype\u0142nione bezpiecznym jednorazowym has\u0142em.",
		"tr": "Baz\u0131 servisler kimlik do\u011frulama istedi. Kimlik do\u011frulamak i\u00e7in, YubiKey'iniz \u00fczerindeki d\u00fc\u011fmeyi t\u0131klay\u0131n\u0131z. Ondan sonra, g\u00fcvenli bir tek kullan\u0131ml\u0131k \u015fifre a\u015fa\u011f\u0131daki alanda otomatik olarak belirecektir.",
		"fr": "Ce service requiert une authentification. Pour vous authentifier, appuyez sur le bouton de votre YubiKey. Le champ ci dessous devrait automatiquement \u00eatre renseign\u00e9 avec un mot de passe \u00e0 usage unique.",
		"it": "Un servizio ha richiesto l'autenticazione. Per autenticarsi, premere il pulsante sulla propria YukiKey. Il campo sottostante dovrebbe essere automaticamente riempito con una password usa e getta.",
		"lt": "Ka\u017ekuri paslauga reikalauja autenti\u0161kumo patvirtinimo. Nor\u0117dami patvirtinti autenti\u0161kum\u0105, paspauskite mygtuk\u0105 ant savo YubiKey. \u012e \u017eemiau esant\u012f laukel\u012f tur\u0117t\u0173 b\u016bti automati\u0161kai \u012fvestas saugus vienkartinis slapta\u017eodis.",
		"ja": "\u5e7e\u3064\u304b\u306e\u30b5\u30fc\u30d3\u30b9\u306f\u8a8d\u8a3c\u3092\u8981\u6c42\u3057\u3066\u3044\u307e\u3059\u3002\u8a8d\u8a3c\u3092\u884c\u3046\u306b\u306fYubiKey\u306e\u30dc\u30bf\u30f3\u3092\u30af\u30ea\u30c3\u30af\u3057\u3066\u304f\u3060\u3055\u3044\u3002\u4ee5\u4e0b\u306e\u9805\u76ee\u306f\u30bb\u30ad\u30e5\u30a2\u30ef\u30f3\u30bf\u30a4\u30e0\u30d1\u30b9\u30ef\u30fc\u30c9\u3067\u81ea\u52d5\u7684\u306b\u57cb\u3081\u3089\u308c\u307e\u3059\u3002",
		"zh-tw": "\u6709\u4e9b\u670d\u52d9\u9700\u8981\u7d93\u904e\u9a57\u8b49\uff0c\u8acb\u9ede\u9078 YubiKey \u6309\u9215\u4f86\u9032\u884c\u9a57\u8b49\u3002\u63a5\u4e0b\u4f86\u7684\u5b57\u4e32\u61c9\u8a72\u8981\u88ab\u81ea\u52d5\u5730\u586b\u5beb\u5165\u52a0\u5bc6\u4e4b\u4e00\u6b21\u6027\u5bc6\u78bc(OTP)\u3002",
		"et": "M\u00f5ned teenused n\u00f5uavad autentimist. Autentimiseks kl\u00f5psa YubiKey'l olevat nuppu. Allpool olev v\u00e4li t\u00e4idetakse automaatselt turvalise \u00fchekordse parooliga.",
		"he": "\u05e9\u05e8\u05d5\u05ea \u05db\u05dc\u05e9\u05d4\u05d5 \u05d3\u05d5\u05e8\u05e9 \u05d4\u05d6\u05d3\u05d4\u05d5\u05ea. \u05dc\u05d4\u05d6\u05d3\u05d4\u05d5\u05ea, \u05dc\u05d7\u05e5 \u05e2\u05dc \u05d4\u05db\u05e4\u05ea\u05d5\u05e8 \u05d1\u05d9\u05d5\u05d1\u05d9\u05e7\u05d9 \u05e9\u05dc\u05da. \u05d4\u05e9\u05d3\u05d4 \u05de\u05ea\u05d7\u05ea \u05d9\u05ea\u05de\u05dc\u05d0 \u05d1\u05d0\u05d5\u05e4\u05df \u05d0\u05d5\u05d8\u05d5\u05de\u05d8\u05d9 \u05e2\u05dd \u05e1\u05d9\u05e1\u05de\u05d4 \u05d7\u05d3 \u05e4\u05e2\u05de\u05d9\u05ea \u05de\u05d0\u05d5\u05d1\u05d8\u05d7\u05ea.",
		"ru": "\u041d\u0435\u043a\u043e\u0442\u043e\u0440\u044b\u0435 \u0441\u043b\u0443\u0436\u0431\u044b \u0437\u0430\u043f\u0440\u0430\u0448\u0438\u0432\u0430\u044e\u0442 \u0430\u0443\u0442\u0435\u043d\u0442\u0438\u0444\u0438\u043a\u0430\u0446\u0438\u0438. \u0414\u043b\u044f \u0430\u0443\u0442\u0435\u043d\u0442\u0438\u0444\u0438\u043a\u0430\u0446\u0438\u0438 \u043d\u0430\u0436\u043c\u0438\u0442\u0435 \u043a\u043d\u043e\u043f\u043a\u0443 \u043d\u0430 \u0432\u0430\u0448\u0435\u043c YubiKey. \u0412 \u043f\u043e\u043b\u0435 \u043d\u0438\u0436\u0435 \u0434\u043e\u043b\u0436\u043d\u043e \u0430\u0432\u0442\u043e\u043c\u0430\u0442\u0438\u0447\u0435\u0441\u043a\u0438 \u043f\u043e\u044f\u0432\u0438\u0442\u044c\u0441\u044f \u0431\u0435\u0437\u043e\u043f\u0430\u0441\u043d\u044b\u0439 \u043e\u0434\u043d\u043e\u0440\u0430\u0437\u043e\u0432\u044b\u0439 \u043f\u0430\u0440\u043e\u043b\u044c.",
		"zh": "\u67d0\u4e9b\u670d\u52a1\u8bf7\u6c42\u8ba4\u8bc1\u3002\u4e3a\u4e86\u8ba4\u8bc1\uff0c\u8bf7\u70b9\u51fb\u4f60\u7684YubiKey\u6309\u94ae\uff0c\u4e0b\u5217\u533a\u57df\u5e94\u8be5\u4f1a\u88ab\u81ea\u52a8\u586b\u5145\u6210\u4e00\u6b21\u6027\u5b89\u5168\u5bc6\u7801",
		"ar": "\u0628\u0639\u0636 \u0627\u0644\u062e\u062f\u0645\u0627\u062a \u062a\u062a\u0637\u0644\u0628  \u062a\u0635\u062f\u064a\u0642\u0627\u064b. \u0644\u0644\u062a\u0635\u062f\u064a\u0642 \u0623\u0636\u063a\u0637 \u0627\u0644\u0632\u0631 \u0627\u0644\u0645\u0648\u062c\u0648\u062f \u0639\u0644\u064a   YubiKey. \u0645\u0645\u0627 \u0633\u064a\u0624\u062f\u064a \u0644\u0645\u0644\u0621 \u0627\u0644\u062d\u0642\u0644 \u0623\u062f\u0646\u0627\u0647 \u0628\u0643\u0644\u0645\u0629 \u0633\u0631 \u0648\u0627\u062d\u062f\u0629 \u0627\u0645\u0646\u0647 \u0627\u062a\u0648\u0645\u0627\u062a\u064a\u0643\u064a\u0627\u064b",
		"lv": "K\u0101ds serviss prasa autentifik\u0101ciju. Klik\u0161\u0137iniet YubiKey pogu. Ievadlauks zem\u0101k autom\u0101tiski tiks aizpild\u012bts ar dro\u0161u vienreiz\u0113ju paroli.",
		"id": "Beberapa layanan meminta autentifikasi. Untuk melakukan autentifikasi, klik tombol pada YubiKey Anda. Field dibawah seharusnya secara otomatis akan diisi dengan one-time-password yang aman.",
		"sr": "Neki od servisa je zatra\u017eio da se autentifikujete. Da biste se autentifikovali pritisnite dugme na va\u0161em YubiKey ure\u0111aju. Nakon toga bi u polje ispod trebala biti automatski upisana jednokratna lozinka."
	}
}
