{
	"front_header": {
		"no": "MetaShare",
		"nn": "MetaShare",
		"sv": "MetaShare",
		"es": "MetaShare",
		"nl": "MetaShare",
		"sl": "MetaShare",
		"da": "Metashare",
		"hr": "MetaShare",
		"hu": "MetaShare",
		"fi": "MetaShare",
		"pt-BR": "MetaShare",
		"pt": "MetaShare",
		"pl": "MetaShare",
		"tr": "MetaShare",
		"de": "MetaShare",
		"fr": "MetaShare"
	},
	"add_title": {
		"no": "Legg til entitet",
		"nn": "Legg til ny entitet",
		"sv": "L\u00e4gg till entitet",
		"es": "A\u00f1adir entidad",
		"nl": "Voeg entiteit toe",
		"sl": "Dodaj entiteto",
		"da": "Tilf\u00f8j enhed",
		"hr": "Dodaj entitet",
		"hu": "Bejegyz\u00e9s hozz\u00e1ad\u00e1sa",
		"fi": "Lis\u00e4\u00e4 palvelu",
		"pt-BR": "Adicionar entidade",
		"pt": "Adicionar entidade",
		"pl": "Dodaj jednostk\u0119 (SP lub IdP)",
		"tr": "Birim ekle",
		"de": "Datensatz hinzuf\u00fcgen",
		"fr": "Ajouter une entit\u00e9"
	},
	"add_do": {
		"no": "Legg til",
		"nn": "Legg til ",
		"sv": "L\u00e4gg till",
		"es": "A\u00f1adir",
		"nl": "Voeg toe",
		"sl": "Dodaj",
		"da": "Tilf\u00f8j",
		"hr": "Dodaj",
		"hu": "Hozz\u00e1ad\u00e1s",
		"fi": "Lis\u00e4\u00e4",
		"pt-BR": "Adicionar",
		"pt": "Adicionar",
		"pl": "Dodaj",
		"tr": "Ekle",
		"de": "Hinzuf\u00fcgen",
		"fr": "Ajouter"
	},
	"entities_title": {
		"no": "Entiteter",
		"nn": "Entitetar ",
		"sv": "Entiteter",
		"es": "Entidades",
		"nl": "Entiteiten",
		"sl": "Entitete",
		"da": "Entiteter",
		"hr": "Entiteti",
		"hu": "Bejegyz\u00e9sek",
		"fi": "Palvelut",
		"pt-BR": "Entidades",
		"pt": "Entidades",
		"pl": "Jednostki",
		"tr": "Birimler",
		"de": "Datens\u00e4tze",
		"fr": "Entit\u00e9s"
	},
	"text": {
		"no": "Tekst",
		"nn": "Tekst",
		"sv": "txt",
		"es": "Texto",
		"nl": "Tekst",
		"sl": "Besedilo",
		"da": "Tekst",
		"hr": "tekst",
		"hu": "sz\u00f6veg",
		"fi": "teksti",
		"pt-BR": "texto",
		"pt": "Texto",
		"pl": "tekst",
		"tr": "metin",
		"de": "Text",
		"fr": "texte"
	},
	"addpage_header": {
		"no": "Legg til metadata",
		"nn": "Legg til metadata",
		"sv": "L\u00e4gg till metadata",
		"es": "A\u00f1adir metadatos",
		"nl": "Voeg metadata toe",
		"sl": "Dodaj metapodatke",
		"da": "Tilf\u00f8j metadata",
		"hr": "Dodaj metapodatke",
		"hu": "Metaadatok hozz\u00e1ad\u00e1sa",
		"fi": "Lis\u00e4\u00e4 metatieto",
		"pt-BR": "Adicionar metadata",
		"pt": "Adicionar metadados",
		"pl": "Dodaj Metadane",
		"tr": "\u00dcstveri ekle",
		"de": "Metadaten hinzuf\u00fcgen",
		"fr": "Ajouter des m\u00e9tadonn\u00e9es"
	},
	"addpage_nourl": {
		"no": "Mangler URL parameter.",
		"nn": "Fann ikkje URL.  Har du hugsa \u00e5 leggja inn URL?",
		"sv": "Ingen URL angavs.",
		"es": "No indic\u00f3 el par\u00e1metro URL.",
		"nl": "Geen URL parameter opgegeven",
		"sl": "Noben URL parameter ni bil podan.",
		"da": "URL ikke opgivet",
		"hr": "Nije zadan URL parametar.",
		"hu": "Hi\u00e1nyz\u00f3 URL param\u00e9ter.",
		"fi": "URL parametri puuttuu.",
		"pt-BR": "N\u00e3o foi passado o par\u00e2metro URL.",
		"pt": "N\u00e3o foi fornecido nenhum URL",
		"pl": "Nie podano parametru URL.",
		"tr": "URL parametresi verilmemi\u015f.",
		"de": "Kein URL-Parameter angegeben.",
		"fr": "Aucune URL n'a \u00e9t\u00e9 fournie."
	},
	"addpage_gofront": {
		"no": "G\u00e5 til metadata liste",
		"nn": "G\u00e5 til liste over metadata",
		"sv": "G\u00e5 till metadatalistan",
		"es": "Ir a la lista de metadatos",
		"nl": "Ga naar de metadata lijst",
		"sl": "Pojdi na seznam metapodatkov",
		"da": "G\u00e5 til metada listen",
		"hr": "Idi na popis metapodataka",
		"hu": "Metaadatok list\u00e1ja",
		"fi": "Siirry metatietolistaan",
		"pt-BR": "Ir para a lista de metadata",
		"pt": "Voltar \u00e0 lista de metadados",
		"pl": "Id\u017a do listy Metadanych",
		"tr": "\u00dcstveri listesine git",
		"de": "Gehe zur Metadatenliste",
		"fr": "Allez \u00e0 la liste des m\u00e9tadonn\u00e9es"
	},
	"front_desc": {
		"no": "Dette er en metadata distribusjonstjeneste. Den tillater deg \u00e5 legge til dyamisk generert metadata til et delt lager.",
		"nn": "Dette er ei teneste for deling av metadata.  Du kan leggja til dynamisk genererte metadata til eit felles lager.",
		"sv": "Detta delningsj\u00e4nsten f\u00f6r metadata. Den till\u00e5ter att du l\u00e4gger till dynamiskt skapad metadata till ett delat datalager.",
		"es": "Servicio de compartici\u00f3n de metadatos. Le permite a\u00f1adir metadatos generados din\u00e1micamente a un almacenamiento compartido.",
		"nl": "Dit is een metadata service. Je kan er dynamisch gegenereerde metadata mee toevoegen aan een gedeelde database.",
		"sl": "MetaShare je storitev souporabe metapodatkov. Omogo\u010da dodajanje dinami\u010dno generiranih metapodatkov v skladi\u0161\u010de za skupno rabo.",
		"da": "Dette er en metadata-delingstjeneste, som g\u00f8r det muligt at tilf\u00f8je dynamisk genereret metadata til et f\u00e6lles repository",
		"hr": "Ovo je servis za razmjenu metapodataka. Omogu\u0107uje vam da dodate dinami\u010dki generirane metapodatke u zajedni\u010dki repozitorij.",
		"hu": "Ez egy metaadat megoszt\u00f3 szolg\u00e1ltat\u00e1s. Dinamikusan gener\u00e1lt metaadatok megosztott t\u00e1rol\u00e1s\u00e1t teszi lehet\u0151v\u00e9.",
		"fi": "T\u00e4m\u00e4 metatietojen jakopalvelu. Sen avulla voi lis\u00e4t\u00e4 dynaamisesti luodun metatiedon jaettuun varastaoon.",
		"pt-BR": "Este \u00e9 um servi\u00e7o de compartilhamento de metadata. Ele permite que voc\u00ea adicione metadatas geradas dinamicamente, armazene-as e compartilhe-as.",
		"pt": "Est\u00e1 na p\u00e1gina do servi\u00e7o de partilha de metadados. Esta p\u00e1gina permite-lhe adicionar metadados gerados dinamicamente a um reposit\u00f3rio comum de dados.",
		"pl": "To jest serwis udost\u0119pniania metadanych. Pozwala Tobie doda\u0107 dynamicznie wygenerowane metadane do udost\u0119pnianych zasob\u00f3w.",
		"tr": "Bu \u00fcstveri (metadata) payla\u015f\u0131m servisi. Bu servis, dinamik olarak olu\u015fturulmu\u015f \u00fcstveriyi, payla\u015f\u0131lan bir depoya eklemenize izin verir.",
		"de": "Dies ist ein Service zum Teilen von Metadaten. Er erlaubt Ihnen, dynamisch generierte Metadaten einem gemeinsamen Speicher hinzuzuf\u00fcgen.",
		"fr": "Ceci est un service de partage de m\u00e9tadonn\u00e9es. Il vous permet d'ajouter des m\u00e9tadonn\u00e9es g\u00e9n\u00e9r\u00e9es dynamiquement \u00e0 un d\u00e9p\u00f4t partag\u00e9."
	},
	"add_entityid": {
		"no": "EntityID for tjenesten:",
		"nn": "EntityID for entiteten: ",
		"sv": "Entitetsidentifierare f\u00f6r entiteten:",
		"es": "Identificador de la entidad:",
		"nl": "Entity identifier van de entiteit.",
		"sl": "Identifikator entete:",
		"da": "Entitets idetifikatoren for entiteten",
		"hr": "Identifikator entiteta:",
		"hu": "Bejegyz\u00e9s azonos\u00edt\u00f3ja:",
		"fi": "Palvelun tunniste (entityid):",
		"pt-BR": "Entidade identificador da entidade:",
		"pt": "Identificador de entidade",
		"pl": "Identyfikator jednostki",
		"tr": "Birimin tan\u0131mlay\u0131c\u0131s\u0131:",
		"de": "Datensatzbezeichner des Datensatzes:",
		"fr": "Identifiant d'entit\u00e9:"
	},
	"downloadall_link": {
		"no": "Last ned all metadata ",
		"nn": "Last ned alle metadata",
		"sv": "H\u00e4mta alla metadata",
		"es": "Descargar todos los metadatos",
		"nl": "Download alle metadata",
		"sl": "Prenesi vse metapodatke k sebi.",
		"da": "Download alt metadata",
		"hr": "Dohvati sve metapodatke",
		"hu": "\u00d6sszes metaadat let\u00f6lt\u00e9se",
		"fi": "Lataa kaikki metatiedot",
		"pt-BR": "Baixar toda metadata",
		"pt": "Efectuar o download de todos os metadados",
		"pl": "\u015aci\u0105gnij wszystkie Metadane",
		"tr": "T\u00fcm \u00fcstveriyi indir",
		"de": "Alle Metadaten herunterladen",
		"fr": "T\u00e9l\u00e9charger toutes les m\u00e9tadonn\u00e9es"
	},
	"entities_empty": {
		"no": "Ingen tjenester er for \u00f8yeblikket lagret i denne MetaShare installasjonen.",
		"nn": "Ingen entitetar er lagra i MetaShare her.",
		"sv": "Det finns f\u00f6rn\u00e4rvarande inga eniteter lagrade i denna MetaShare.",
		"es": "Actualmente no existen entidades almacenadas en este MetaShare.",
		"nl": "Er zijn geen entiteiten opgeslagen in deze MetaShare.",
		"sl": "V MetaShare trenutno ni shranjene nobene entitete.",
		"da": "Ingen entieties ",
		"hr": "U MetaShare repozitoriju trenutno nije pohranjen niti jedan entitet.",
		"hu": "Egyetlen bejegyz\u00e9s sincs a MetaShare-ben.",
		"pt-BR": "N\u00e3o h\u00e1 entidades atualmente guardadas nesta MetaShare.",
		"pt": "N\u00e3o existem entidades presentes neste servi\u00e7o de MetaShare.",
		"pl": "Aktualnie brak jednostek zapisanych w Metashare.",
		"tr": "\u015eu anda MetaShare'de depolanan birim bulunmamaktad\u0131r.",
		"de": "Derzeit sind keine Datens\u00e4tze in diesem MetaShare gespeichert.",
		"fr": "Aucune entit\u00e9 n'est actuellement stock\u00e9e dans ce d\u00e9p\u00f4t MetaShare."
	},
	"addpage_ok": {
		"no": "Metadata fra \"%URL\" ble lagt til vellykket.",
		"nn": "Metadata fr\u00e5 \"%URL%\" er lagt til",
		"sv": "Metadata fr\u00e5n \"%URL%\" har lagts till.",
		"es": "Los metadatos de \"%URL%\" se han a\u00f1adido correctamente.",
		"nl": "De metadata van \"%URL%\" is succesvol toegevoegd.",
		"sl": "Metapodatki z naslova \"%URL%\" so bili uspe\u0161no dodani.",
		"da": "Metadata fra \"%URL%\" blev tilf\u00f8jet",
		"hr": "Metapodaci s adrese \"%URL%\" su uspje\u0161no dodani.",
		"hu": "A(z) \"%URL%\" URL-r\u0151l sz\u00e1rmaz\u00f3 metaadatok hozz\u00e1ad\u00e1sa siker\u00fclt.",
		"fi": "Metatieto \"%URL%\" lis\u00e4tty onnistuneesti.",
		"pt-BR": "A metadata de \"%URL%\" foi adicionada com sucesso.",
		"pt": "Foram adicionados com sucesso os metadados dispon\u00edveis em \"%URL%\" ",
		"pl": "Metadane z  \"%URL%\" zosta\u0142y pomy\u015blnie dodane.",
		"tr": "\"%URL%\"den gelen \u00fcstveri ba\u015far\u0131yla eklendi.",
		"de": "Die Metadaten von \"%URL%\" wurden erfolgreich hinzugef\u00fcgt.",
		"fr": "R\u00e9ussite de l'import des m\u00e9tadonn\u00e9es depuis \"%URL%\"."
	},
	"addpage_entityid": {
		"no": "EntityID i metadataene stemmer ikke overens med URL-en til metadata dokumentet (\"%URL%\").",
		"nn": "EntityID i metadata stemmer ikkje med URLen for metadata (\"%URL%\").",
		"sv": "Entitetsidentifieraren i metadatat st\u00e4mmer inte \u00f6verens med adressen f\u00f6r metadatat (\"%URL%\").",
		"es": "El identificador de la entidad en los metadatos no coincide con la URL de los metadatos (\"%URL%\").",
		"nl": "De entity identifier in de metadata komt niet overeen met de URL van de metadata (\"%URL%\").",
		"sl": "Identifikator entitene se ne ujema z URLjem metapodatkov (\"%URL%\").",
		"da": "'EntityIdentifyer' i metadata matchede i metadatas %URL%",
		"hr": "Identifikator entiteta u metapodacima ne podudara se s adresom na kojoj se metapodaci nalaze (\"%URL%\").",
		"hu": "A entit\u00e1s azonos\u00edt\u00f3 nem egyezik a metaadatok el\u00e9rhet\u0151s\u00e9g\u00e9nek URL-j\u00e9vel (\"%URL%\").",
		"pt-BR": "A entidade identificadora na metadata n\u00e3o corresponde a url da metadata (\"%URL%\").",
		"pt": "O identificador de entidade (entityID) nos metadados n\u00e3o corresponde ao URL dos metadados (\"%URL%\").",
		"tr": "\u00dcstverideki birim tan\u0131mlay\u0131c\u0131s\u0131 \u00fcstverinin URL'i ile e\u015fle\u015fmedi (\"%URL%\").",
		"de": "Der Datensatzbezeichner in den Metadaten passte nicht zur URL der Metadaten (\"%URL%\").",
		"fr": "L'identifiant d'identit\u00e9 dans les m\u00e9tadonn\u00e9es ne corresponds pas \u00e0 l'URL des m\u00e9tadonn\u00e9es (\"%UEL\")."
	},
	"addpage_validation": {
		"no": "XML validering av metadata from \"%URL%\" feilet:",
		"nn": "Feila XML-validering av metadata for \"%URL%\":",
		"sv": "XML-valideringen av metatdatat fr\u00e5n \"%URL%\" misslyckades:",
		"es": "La validaci\u00f3n del XML de los metadatos  desde \"%URL%\" ha fallado:",
		"nl": "XML validatie van de metadata op \"%URL%\" is niet gelukt:",
		"sl": "XML validacija metapodatkov z naslova \"%URL%\" je spodletela:",
		"da": "Fejl i XML-validering af metadata fra %URL%",
		"hr": "XML validacija metapodataka na adresi \"%URL%\" nije uspje\u0161no izvr\u0161ena:",
		"hu": "A \"%URL%\" metaadatok XML ellen\u0151rz\u00e9se sikeretelen volt:",
		"fi": "Metatiedon \"%URL%\" XML-validointi ep\u00e4onnistui ",
		"pt-BR": "A valida\u00e7\u00e3o do XML para a metadata da URL \"%URL%\" falhou.",
		"pt": "Falhou a valida\u00e7\u00e3o XML dos metadados do URL \"%URL%\".",
		"pl": "Weryfikacja XML metadanych z \"%URL%\" zako\u0144czona b\u0142\u0119dem:",
		"tr": "\"%URL%\"den \u00fcstverinin XML do\u011frulamas\u0131 ba\u015far\u0131s\u0131z:",
		"de": "XML-Validierung der Metadaten von \"%URL%\" fehlgeschlagen:",
		"fr": "Echec de la validation XML des m\u00e9tadonn\u00e9es en provenance de \"%URL%\":"
	},
	"addpage_notentitydescriptor": {
		"no": "Rotnoden i metadata-dokumentet var ikke en EntityDescriptor. URLen du oppgave var \"%URL%\".",
		"nn": "Rotnoden for metadata var ikkje eit EntityDescriptor-element.  URLen du oppgav var \"%URL%\".",
		"sv": "Toppnoden av metadatat var inte en EntityDescriptor. Adressen du angav var \"%URL%\".",
		"es": "El nodo ra\u00edz de los metadatos no es un elemento del tipo EntityDescriptor. La URL indicada fue \"%URL%\".",
		"nl": "De root node van de metadata is geen EntityDescriptor element. De URL was: \"%URL%\".",
		"sl": "Korensko vozli\u0161\u010de (root node) metapodakov ni element tipa \"entitetni opisnik\". URL, ki ste ga posredovali \"%URL%\".",
		"da": "Roden af metadata var ikke en 'EntityDescriptor'. URL'en du gav var \"%URL%\"",
		"hr": "Korijenski \u010dvor u metapodacima nije <i>EntityDescriptor<\/i> element. URL koji ste zadali je \"%URL%\".",
		"hu": "A metaadatok gy\u00f6k\u00e9releme nem EntityDescriptor volt. Az URL az al\u00e1bbi volt: \"%URL%\".",
		"pt-BR": "O n\u00f3 raiz da metadata n\u00e3o era um elemento EntityDescriptor. A URL passada foi \"%URL%\".",
		"pt": "O elemento raiz dos metadados n\u00e3o \u00e9 um elemento do tipo EntityDescriptor. O URL fornecido foi \"%URL%\".",
		"tr": "\u00dcstverinin k\u00f6k d\u00fc\u011f\u00fcm\u00fc, EntityDescriptor eleman\u0131 de\u011fildi. Verdi\u011finiz URL \"%URL%\" idi.",
		"de": "Der Wurzelknoten der Metadaten war kein EntityDescriptor Element. Die URL, die Sie angegeben haben, war \"%URL%\".",
		"fr": "Le n\u0153eud racine des m\u00e9tadonn\u00e9es n'est pas un \u00e9l\u00e9ment <i>EntityDescriptor<\/i>. L'URL que vous avez indiqu\u00e9 est \"%URL%\"."
	},
	"add_desc": {
		"no": "Legg til nytt eller oppdatert metadata ved \u00e5 spesifisere URL-en til metadata. Denne URL-en m\u00e5 ogs\u00e5 matche entity ID-en til entiteten som metadata-dokumentet beskriver.",
		"nn": "Legg til nye eller oppdaterte metadata ved \u00e5 spesifisera URLen der du finn metadata.  Denne URLen m\u00e5 samsvara med entityID for entiteten i dei aktuelle metadata.",
		"sv": "L\u00e4g till ny eller uppdatera metadata genom att ange URL f\u00f6r metadatat. URLen m\u00e5ste matcha entitetsidentifieraren f\u00f6r entiteten som \u00e4r beskriven i metatdatat.",
		"es": "A\u00f1adir o actualizar metadatos indicando la URL de los metadatos. Esta URL debe coincidir con el \"identificador de la entidad\" de la entidad descrita en los metadatos.",
		"nl": "Voeg nieuwe of bijgewerkte metadata toe door de URL van de metadata op te geven. Deze URL moet overeenkomen met de entity identifier van de entiteit die wordt beschreven in de metadata.",
		"sl": "Dodajte nove ali popravljene metapodatke tako, da podate njihov URL. URL se mora ujemati z identifikatorjem entitete.",
		"da": "Tilf\u00f8j nyt eller opdaterert metadat ved at skrive den url der f\u00f8rer til metadata. Urlen skal matche entitets identificatoren for den entitet der er beskrevet i metadata",
		"hr": "Dodaj nove ili a\u017eurirane metapodatke specificiraju\u0107i URL metapotataka. URL se mora podudarati s identifikatorom entiteta opisanog u metapodacima. ",
		"hu": "Adja meg az \u00faj vagy friss\u00edtett metaadatok URL-j\u00e9t! Ennek az URL-nek meg kell egyeznie a metaadatokban le\u00edrt entit\u00e1s azonos\u00edt\u00f3j\u00e1val.",
		"fi": "Lis\u00e4\u00e4 uusi tai muuta metatietoja antamalla metatietojen URL. URL:n tulee vastata palvelun tunnistetta metadatassa.",
		"pt-BR": "Adicionar novo ou atualizar metadata, especificando a URL da metadata. Essa URL deve corresponder a entidade identificadora da entidade descrita na metadata.",
		"pt": "Adicionar metadados novos ou actualizados especificando o URL dos metadados. Este URL tem de coincidir com o identificador de entidade (entityID) descrito nos metadados",
		"pl": "Dodaj nowe lub zaktualizowane metadane poprzez okre\u015blenie adresu URL pliku metadanych.",
		"tr": "\u00dcstverinin URL'ini belirterek yeni ya da de\u011fi\u015ftirilmi\u015f \u00fcstveri ekle. Bu URL \u00fcstveride tan\u0131mlanan birimin tan\u0131mlay\u0131c\u0131s\u0131 ile e\u015fle\u015fmelidir.",
		"de": "F\u00fcgen Sie neue oder aktualisierte Metadaten hinzu, indem Sie die URL der Metadaten angeben. Diese URL muss gleich dem Datensatzbezeichner des in den Metadaten beschriebenen Datensatzes sein.",
		"fr": "Ajoutez ou mettez \u00e0 jour des m\u00e9tadonn\u00e9es en indiquant l'URL de l'identifiant de l'entit\u00e9 (attribue <i>providerId<\/i> dans les m\u00e9tadonn\u00e9es)."
	},
	"downloadall_desc": {
		"no": "Det er mulig \u00e5 laste ned alle metadata i en samlet XML fil. Denne filen inneholder en EntitiesDescriptor med alle entitetene som er lagt til denne MetaShare tjenesten. EntitiesDescriptor elementet kan signeres av MetaShare tjenesten hvis det er p\u00e5sl\u00e5tt i konfigurasjonen.",
		"nn": "Du kan lasta ned alle metadata som ei felles XML-fil.  Denne fila inneheld ein enkelt EntitiesDescriptor som inneheld alle entitetane som er lagt til i MetaShare.  EntitiesDescriptor kan vera signert av denne MetaShare dersom dette er konfigurert inn.",
		"sv": "Det \u00e4r m\u00f6jligt att h\u00e4mta all metadata som en enda XML-fil. Denna fil kommer inneh\u00e5lla en enda EntitiesDescriptor som inneh\u00e5ller alla enteiteter som finns lagrade i denna MetaShare. EntitiesDescriptor kan vara signerade av MetaShare om detta \u00e4r aktiverat i konfgiurationen f\u00f6r MetaShare.",
		"es": "Es posible descargar todos los metatados en un \u00fanico archivo XML. Este archivo contendr\u00e1 un \u00fanico EntitiesDescriptor con todas las entidades que se han definido en el MetaShare. El EntitiesDescriptor puede que est\u00e9 firmado por este MetaShare si se habilit\u00f3 la opci\u00f3n en la configuraci\u00f3n.",
		"nl": "Het is mogelijk om alle metadata in een enkele XML file op te halen. Deze file zal een enkele EntitiesDescriptor bevatten waarin alle entiteiten zitten die bestaan in deze MetaShare. De EntitiesDescriptor kan digitaal worden ondertekend door de MetaShare die is geconfigureerd.",
		"sl": "Celotne metapodatke si lahko prenesete kot eno XML datoteko. Ta bo vsebovala opisnik entitet in vse entitete, ki so shranjene v MetaShareu. Opisnik entitet je lahko digitalno podpisan, \u010de je ta mo\u017enost v nastavitvah omogo\u010dena.",
		"da": "Det er muligt at downloade metadata som en enkelt XML-fil. Denne fil indeholder en enkelt Entitetsbeskrivelse som indeholder alle de entiteter som er tilf\u00f8jet til det f\u00e6lles metadatarepository. Entitetsbeskrivelsen kan v\u00e6re signeret af metadatrepositoryet, hvis det er tilf\u00f8jet i konfigurationen ",
		"hr": "Mogu\u0107e je dohvatiti sve metapodatke u obliku jedne XML datoteke. Ta datoteka sadr\u017eavat \u0107e jedinstveni <i>EntitiesDescriptor<\/i> koji sadr\u017eava sve entitete koji se nalaze u MetaShare repozitoriju. <i>EntitiesDescriptor<\/i> mo\u017ee biti digitalno potpisan ako je ta opcija uklju\u010dena u konfiguraciji.",
		"hu": "Lehet\u0151s\u00e9g van az \u00f6sszes metaadat let\u00f6lt\u00e9s\u00e9re egyetlen XML f\u00e1jlk\u00e9nt. A file egyetlen EntitiesDescriptor elmet fog tartalmazni, amely mag\u00e1ba foglalja az \u00f6sszes MetaShare-ben t\u00e1rolt elemet. Az EntitiesDescriptor-t a MetaShare is al\u00e1\u00edrhatja, ha ez enged\u00e9lyezve van a be\u00e1ll\u00edt\u00e1sokn\u00e1l.",
		"pt-BR": "\u00c9 poss\u00edvel fazer download de todas as metadatas como um \u00fanico arquivo XML. Esse arquivo ir\u00e1 conter um \u00fanico EntitiesDescriptor que cont\u00e9m todas as entidades que est\u00e3o vinculadas para este MetaShare. O EntitiesDescriptor pode ser assinado por este MetaShare se isto est\u00e1 ativado na configura\u00e7\u00e3o.",
		"pt": "\u00c9 poss\u00edvel efectuar o dowload de todos os metadados num \u00fanico ficheiro XML. Este ficheiro ir\u00e1 conter um \u00fanico elemento EntitiesDescriptor com todas as entidades presentes neste MetaShare. O elemento EntitiesDescriptor pode ser assinado por este servi\u00e7o de MetaShare se esta op\u00e7\u00e3o estiver activa na configura\u00e7\u00e3o.",
		"pl": "Jest mo\u017cliwe \u015bci\u0105gniecie wszystkich metadanych jako pojedynczy plik XML. Plik ten bedzie zawiera\u0142 pojedynczy EntitiesDescriptor tag, kt\u00f3ry zawiera wszystkich dostawc\u00f3w, kt\u00f3re maj\u0105 by\u0107 w tym Metashare. EntitiesDescriptor mo\u017ce by\u0107 podpisany przez ten MetaShare je\u015bli jest to w\u0142\u0105czone w konfiguracji.",
		"tr": "T\u00fcm \u00fcstveriyi tek bir XML dosyas\u0131 olarak indirmek m\u00fcmk\u00fcn. Bu dosya MetaShare'e eklenen t\u00fcm birimlerin bulundu\u011fu tek bir EntitiesDescriptor i\u00e7erecektir. Bu EntitiesDescriptor, e\u011fer yap\u0131land\u0131rma i\u00e7inde etkinle\u015ftirilmi\u015fse MetaShare taraf\u0131ndan imzalanm\u0131\u015f olabilir.",
		"de": "Es ist m\u00f6glich, alle Metadaten in einer XML-Datei herunterzuladen. Diese Datei wird einen einzelnen EntitiesDescriptor enthalten, der alle Datens\u00e4tze enth\u00e4lt, die diesem MetaShare hinzugef\u00fcgt werden. Der EntitiesDescriptor kann durch diesen MetaShare unterzeichnet werden, falls Sie dies in Ihrer Konfiguration aktiviert haben.",
		"fr": "Vous pouvez t\u00e9l\u00e9charger toutes les m\u00e9tadonn\u00e9es dans un fichier XML unique. Ce fichier contiendra un \u00e9l\u00e9ment <i>EntitiesDescriptor<\/i> englobant toutes les entit\u00e9s enregistr\u00e9es dans ce d\u00e9p\u00f4t MetaShare. Si la configuration le sp\u00e9cifie, cet \u00e9l\u00e9ment <i>EntitiesDescriptor<\/i> peut \u00eatre sign\u00e9."
	},
	"entities_desc": {
		"no": "Dette er en liste over alle entiteter som n\u00e5 er lagret i MetaShare tjenesten. Klikk p\u00e5 en link for \u00e5 laste ned metadata for en gitt entitet.",
		"nn": "Dette er ei liste over alle entitetar som lagra i MetaShare no.  Klikk p\u00e5 ein peikar for \u00e5 lasta ned metadata for den aktuelle entiteten.",
		"sv": "Detta \u00e4r en lista \u00f6ver alla entiteter som f\u00f6rn\u00e4rvarande finns lagrades i denna MetaShare. Klicka p\u00e5 aktuell l\u00e4nk f\u00f6r att h\u00e4mta f\u00f6r att h\u00e4mta metadata f\u00f6r en viss entitet.",
		"es": "Esta es la lista de todas las entidades que est\u00e1n almacenadas actualmente en este MetaShare. Pulse en el enlace para descargar los metadatos de una determinada entidad.",
		"nl": "Dit is een lijst van alle entiteiten die zijn opgeslagen in deze MetaShare. Klik op een link op de metadata van een specifieke entiteit op te halen.",
		"sl": "To je seznam vseh entitet, ki so trenutnotno shranjene v tem MetaShareu. S klikom na povezavo (entiteto), lahko prenesete njeno metadato.",
		"da": "Dette er en liste best\u00e5ende af alle de entiteter der for indev\u00e6rende er gemt i det f\u00e6lles repository.",
		"hr": "Ovo je popis svih entiteta koji su trenutno pohranjeni u MetaShare repozitoriju. Kliknite na odgovaraju\u0107u poveznicu da biste dohvatili metapodatke za odre\u0111eni entitet.",
		"hu": "Ez a lista a jelenleg a MetaShare-ben t\u00e1rolt \u00f6sszes elemet mutatja. Kattintson a linkre, hogy let\u00f6lthesse a az entit\u00e1shoz tartoz\u00f3 metaadatokat.",
		"pt-BR": "Esta \u00e9 uma lista de todas as entidades que est\u00e3o atualmente guardadas nesta MetaShare. Clique em um link para baixar as metadata das determinadas entidades.",
		"pt": "Apresenta-se de seguida uma lista de todas as entidades presentes neste servi\u00e7o de MetaShare. Siga uma das liga\u00e7\u00f5es para efectuar o download dos metadados da entidade correspondente.",
		"pl": "To jest lista wszystkich jednostek, kt\u00f3re aktualnie s\u0105 zapisane w Metashare. Kliknij na link aby \u015bci\u0105gn\u0105\u0107 metadane wybranej jednostki.",
		"tr": "Bu MetaShare'de halihaz\u0131rda depolanan t\u00fcm birimlerin bir listesidir. Verilen bir birimin \u00fcstverisini indirmek i\u00e7in ba\u011flant\u0131ya t\u0131klay\u0131n.",
		"de": "Dies ist eine Liste aller Datens\u00e4tze, die derzeit in diesem MetaShare gespeichert sind. Klicken Sie auf einen Link um die Metadaten des jeweiligen Datensatzes herunterzuladen.",
		"fr": "Voici une liste des entit\u00e9s stock\u00e9es dans le d\u00e9p\u00f4t MetaShare. Cliquez sur un lien pour t\u00e9l\u00e9charger les m\u00e9tadonn\u00e9es de l'entit\u00e9 correspondante."
	},
	"addpage_invalidurl": {
		"no": "Ugyldig URL\/entity ID for metadata. Entity ID-en m\u00e5 v\u00e6re en gyldig http: eller https: URL. URL-en du oppgav var \"%URL%\".",
		"nn": "Ugyldig URL eller EntityID for metadata.  EntityID m\u00e5 vera ein gyldig http: eller https: URL.  URLen du oppgav var \"%URL%\".",
		"sv": "Felaktig URL\/Entitetsidentifierare f\u00f6r metadata. Entitetsidentifieraren ska vara en giltig http- eller https-adress (URL). Adressen du angav var \"%URL%\".",
		"es": "El identificador de la entidad o la URL de los metadatos no es v\u00e1lido. El identificador de la entidad deber\u00eda ser una URL del tipo http o https. La URL indicada fue \"%URL%\".",
		"nl": "Geen geldige URL\/entiteit voor metadata. De entity identifier moet een bestaande http: of https: URL zijn. De opgegeven URL was \"%URL%\".",
		"sl": "Napa\u010den URL ali ID entitete, le-ta mora biti veljaven http ali https naslov. Posredovali ste naslednji URL: \"%URL%\".",
		"da": "Ugyldig URL\/entitet ID i metadata. Entiteten b\u00f8r v\u00e6re p\u00e5 formen http: eller https:. URL'en du gav var \"%URL%\".",
		"hr": "Neispravna adresa \/ identifikator entiteta za metapodatke. Identifikator entiteta treba biti valjani http: ili https: URL. URL koji ste zadali je \"%URL%\".",
		"hu": "\u00c9rv\u00e9nytelen URL\/entit\u00e1s azonos\u00edt\u00f3. Az entit\u00e1s azonos\u00edt\u00f3j\u00e1nak \u00e9rv\u00e9nyes http: vagy https: protokollt haszn\u00e1l\u00f3 URL-nek kell lennie. A megadott URL ez volt: \"%URL%\".",
		"pt-BR": "URL\/Identifica\u00e7\u00e3o da Entidade inv\u00e1lida para a metadata. A identifica\u00e7\u00e3o da entidade deve ser um endere\u00e7o http: ou https: v\u00e1lido. A URL passada foi \"%URL%\".",
		"pt": "URL inv\u00e1lido. O identificador de entidade (entityID) deve ser um URL v\u00e1lido do tipo http: ou https:. O URL fornecido foi \"%URL%\".",
		"pl": "Niepoprawny URL\/id jednostki. Identyfikator jednostki powinien by\u0107 poprawny http: lub https: URL. URL, kt\u00f3ry poda\u0142e\u015b by\u0142 \"%URL%\".",
		"tr": "\u00dcstveriye ge\u00e7ersiz URL\/Birim kimlik nosu. Birim kimlik nosu ge\u00e7erli bir http: ya da https: URL'i olmal\u0131d\u0131r. Verdi\u011finiz URL \"%URL%\" idi.",
		"de": "Ung\u00fcltige URL\/entity-ID zu den Metadaten. Die entity-ID sollte eine g\u00fcltige http: oder https: URL sein. Die URL, die Sie angegeben haben war \"%URL%\".",
		"fr": "URL ou identifiant d'identit\u00e9 invalide. Un identifiant d'identit\u00e9 doit \u00eatre une URL valide en <i>http:\/\/<\/i> ou <i>https:\/\/<\/i>. L'URL que vous avez indiqu\u00e9 est \"%URL%\"."
	},
	"addpage_nodownload": {
		"no": "Er ikke i stand til \u00e5 laste ned metadata fra \"%URL%\".",
		"nn": "Kunne ikkje lasta ned metadata fr\u00e5 \"%URL%\".",
		"sv": "Kunde inte h\u00e4mta metadata fr\u00e5n \"%URL%\".",
		"es": "No se pudo descargar los metadatos desde \"%URL%\".",
		"nl": "Metadata van \"%URL%\" ophalen is niet gelukt.",
		"sl": "Prenos metapodatkov z naslova \"%URL%\" ni mogo\u010d.",
		"da": "Kunne ikke hente metadata fra \"%URL%\"",
		"hr": "Ne mogu dohvatiti metapodatke s adrese \"%URL%\".",
		"hu": "Nem lehet a metaadatokat let\u00f6lteni a(z) \"%URL%\" helyr\u0151l.",
		"pt-BR": "N\u00e3o foi poss\u00edvel baixar a metadata de \"%URL%\".",
		"pt": "N\u00e3o foi poss\u00edvel efectuar o download dos metadados a partir de \"%URL%\".",
		"pl": "Nie mo\u017cna \u015bciagn\u0105\u0107 metadanych z adresu \"%URL%\".",
		"tr": "\"%URL%\"den \u00fcstveri indirilemiyor.",
		"de": "Nicht in der Lage, Metadaten von \"%URL%\" herunterzuladen.",
		"fr": "Impossible d'obtenir les m\u00e9tadonn\u00e9es depuis \"%URL%\"."
	},
	"addpage_invalidxml": {
		"no": "Feilformattert XML i metadata. URL-en som metadata befant seg p\u00e5 var \"%URL%\".",
		"nn": "Feil format p\u00e5 XML i metadata.  URLen du oppgav var \"%URL%\".",
		"sv": "Felaktigt formaterad XML i metadata. Adressen du angav var \"%URL%\".",
		"es": "El XML con los metadatos no es un documento bien formado. La URL indicada fue \"%URL%\".",
		"nl": "Ongeldige XML in metadata. De URL is: \"%URL%\".",
		"sl": "Napaka v strukturi XML metapodatkov. URL, ki ste ga posredovali \"%URL%\".",
		"da": "Ugyldig XML i metadata. URL'en du gav var \"%URL%\".",
		"hr": "XML sadr\u017eaj u metapodacima je izobli\u010den. URL koji ste zadali je \"%URL%\".",
		"hu": "Hib\u00e1s XML a metaadat-\u00e1llom\u00e1nyban. Az URL az al\u00e1bbi volt: \"%URL%\"",
		"pt-BR": "XML incorreto na metadata. A URL passada foi \"%URL%\".",
		"pt": "Metadados com XML mal formatado. O URL fornecido foi \"%URL%\".",
		"pl": "Nieprawid\u0142owy XML w metadanych. URL, kt\u00f3ry poda\u0142e\u015b by\u0142 \"%URL%\".",
		"tr": "\u00dcstveride kusurlu XML. Verdi\u011finiz URL \"%URL%\" idi.",
		"de": "Ung\u00fcltiges XML in den Metadaten. Die URL, die Sie angegeben haben war \"%URL%\".",
		"fr": "XML mal form\u00e9 dans les m\u00e9tadonn\u00e9es. L'URL que vous avez indiqu\u00e9 est \"%URL%\". "
	}
}
