{
	"header": {
		"no": "Tilbaketrekning av samtykke",
		"sv": "\u00c5tertagande av samtycke",
		"es": "Retirar consentimiento",
		"de": "R\u00fcckzug der Genehmigung",
		"nl": "Toestemming intrekken",
		"sl": "Preklic privolitve",
		"da": "Samtykke tilbagekaldelse",
		"hu": "Hozz\u00e1j\u00e1rul\u00e1s visszavon\u00e1sa",
		"pt": "Remover Consentimento",
		"tr": "Onaydan vazge\u00e7me",
		"hr": "Povla\u010denje odobrenja",
		"fr": "R\u00e9vocation du consentement",
		"it": "Ritirare il consenso",
		"lt": "Leidimo at\u0161aukimas",
		"ja": "\u627f\u8a8d\u3092\u53d6\u308a\u6d88\u3059",
		"zh-tw": "\u540c\u610f\u64a4\u92b7",
		"nn": "Tilbaketrekking av samtykke",
		"et": "N\u00f5usoleku tagasiv\u00f5tmine",
		"he": "\u05d4\u05e1\u05e8\u05ea \u05d4\u05e1\u05db\u05de\u05d4",
		"zh": "\u64a4\u9500\u8bb8\u53ef",
		"ar": "\u0627\u0644\u063a\u0627\u0621 \u0627\u0644\u0645\u0648\u0627\u0641\u0642\u0629",
		"lv": "Noteikumu anul\u0113\u0161ana",
		"id": "Penarikan consent",
		"sr": "Povla\u010denje odobrenja"
	},
	"granted": {
		"no": "Du har tidligere gitt samtykke %NO% ganger til %OF% forskjellige tjenester.",
		"sv": "Du har tidigare godk\u00e4nt %NO% samtycken till %OF% olika tj\u00e4nster.",
		"es": "Anteriormente permiti\u00f3 %NO% consentimientos para %OF% servicios diferentes.",
		"de": "Sie haben bisher %NO% Genehmigungen an %OF% verschiedene Services erteilt.",
		"nl": "Je hebt eerder %NO% toestemmingen gegeven aan %OF% verschillende diensten.",
		"sl": "Potrdili ste %NO% privolitev za %OF% razli\u010dnih storitev.",
		"da": "Du har tidligere givet %NO% samtykker til %OF% forskellige services.",
		"hu": "%NO% db. hozz\u00e1j\u00e1rul\u00e1st adott %OF% k\u00fcl\u00f6nb\u00f6z\u0151 szolg\u00e1ltat\u00e1snak.",
		"pt": "Voc\u00ea tem %NO% consentimentos definidos anteriormente para %OF% servi\u00e7os diferentes.",
		"tr": "Daha \u00f6nce %NO% onaylar\u0131n\u0131 %OF% farkl\u0131 servisler i\u00e7in garanti ettiniz.",
		"hr": "Do sada ste dali %NO% odobrenja za %OF% razli\u010ditih servisa.",
		"fr": "Vous aviez pr\u00e9c\u00e9demment donn\u00e9 %NO% consentements \u00e0 %OF% services diff\u00e9rents.",
		"it": "Hai precedentemente dato %NO% consensi a %OF% diversi servizi.",
		"lt": "J\u016bs anks\u010diau suteik\u0117te %NO% ledimus %OF% \u012fvairioms paslaugoms.",
		"ja": "\u3042\u306a\u305f\u306f %OF% \u306e\u7570\u306a\u308b\u30b5\u30fc\u30d3\u30b9\u306b %NO% \u306e\u627f\u8a8d\u304c\u3042\u308a\u307e\u3059\u3002",
		"zh-tw": "\u60a8\u5148\u524d\u6388\u4e88 %NO% \u500b\u8a31\u53ef\u81f3 %OF% \u500b\u4e0d\u540c\u670d\u52d9\u3002",
		"nn": "Du har tidlegare gjeve %NO% samtykke til %OF% ulike tenester.",
		"et": "Sa oled varem andnud %NO% n\u00f5usolekut %OF% erinevale teenusele.",
		"he": "\u05db\u05d1\u05e8 \u05d4\u05e2\u05e0\u05e7\u05ea %NO% \u05d4\u05e1\u05db\u05de\u05d5\u05ea \u05dc %OF% \u05e9\u05d9\u05e8\u05d5\u05ea\u05d9\u05dd \u05e9\u05d5\u05e0\u05d9\u05dd",
		"zh": "\u4f60\u5728\u5148\u524d\u6388\u6743\u4e86%NO%\u8bb8\u53ef\u7ed9%OF%\u4e0d\u540c\u7684\u670d\u52a1",
		"ar": "\u0644\u0642\u062f \u0642\u0645\u062a \u0628\u0625\u0639\u0637\u0627\u0621 \u066a\u0639\u062f\u062f\u066a \u0645\u0648\u0627\u0641\u0642\u0629 \u0644 \u066a\u0644\u066a \u0627\u0644\u062e\u062f\u0645\u0627\u062a \u0627\u0644\u0645\u062e\u062a\u0644\u0641\u0629",
		"lv": "J\u016bs esat piekritis %NO% noteikumiem %OF% da\u017e\u0101diem servisiem.",
		"id": "Sebelumnya anda telah memberikan memberikan hak akses sejumlah %NO%  consent kepada %OF%   layanan berbeda.",
		"sr": "Do sada ste dali %NO% odobrenja za %OF% razli\u010ditih servisa."
	},
	"info": {
		"no": "Dersom du trekker tilbake alle tidligere gitte samtykker, s\u00e5 vil du hver gang du bes\u00f8ker en tjeneste p\u00e5 nytt bli spurt om du aksepterer at en gitt liste med personlig informasjon blir overf\u00f8rt til tjenesten.",
		"sv": "Om du drar tillbaka alla samtycken som du godk\u00e4nt kommer du \u00e5ter bli tillfr\u00e5gad n\u00e4r du bes\u00f6ker tj\u00e4nsterna f\u00f6r f\u00f6rsta g\u00e5ngen oberoende om du vill eller inte vill godk\u00e4nna att personuppgifter \u00f6verf\u00f6rs.",
		"es": "Si retira todos los consentimientos concedidos, se le preguntar\u00e1 de nuevo cada vez que visite un nuevo servicio, independientemente de que acepte o rechace que un conjunto de datos personales sean transferidos.",
		"de": "Wenn Sie alle Genehmigungen zur\u00fcckziehen, m\u00fcssen Sie beim erneuten Besuch eines Services, wieder die Genehmigung erteilen, dass Ihre personenbezogenen Daten \u00fcbertragen werden d\u00fcrfen.",
		"nl": "Als je alle gegeven toestemmingen intrekt, zal je elke keer dat je een nieuwe dienst bezoekt opnieuw gevraagd worden of je een gegeven set persoonsgegevens wilt vrijgeven.",
		"sl": "V primeru preklica vseh privolitev, boste ob dostopu do storitev ponovno pozvani k privolitvi posredovanja osebnih podatkov storitvi.",
		"da": "Hvis du tilbagekalder alle dine samtykker, s\u00e5 vil du blive spurgt om at afgive samtykke hver gang du tilg\u00e5r en ny tjeneste.",
		"hu": "Ha visszavonja az \u00f6sszes hozz\u00e1j\u00e1rul\u00e1st, akkor minden alkalommal, amikor egy \u00faj szolg\u00e1ltat\u00e1st k\u00edv\u00e1n ig\u00e9nybe venni, hozz\u00e1 kell j\u00e1rulnia szem\u00e9lyes adatainak kiad\u00e1s\u00e1hoz.",
		"pt": "Se remover os consentimentos definidos, ir-lhe-\u00e1 ser perguntado se aceita o envio de informa\u00e7\u00e3o pessoal de cada vez que aceder a um novo servi\u00e7o.",
		"tr": "Verilen t\u00fcm onaylamalardan vazge\u00e7erseniz, verilen bir ki\u015fisel bilgi k\u00fcmesinin aktar\u0131lmas\u0131n\u0131 kabul etmeyi isteseniz istemeseniz de, yeni bir servise her girdi\u011finizde tekrar sorgulanacaks\u0131n\u0131z",
		"hr": "Ako povu\u010dete sva dosada\u0161nja odobrenja, svaki put kad pristupite novom servisu aplikacija \u0107e od vas tra\u017eiti odobrenje za isporu\u010divanje odgovaraju\u0107eg skupa osobnih podataka.",
		"fr": "Si vous r\u00e9voquez tous les consentements donn\u00e9s, il vous sera demand\u00e9 \u00e0 chaque acc\u00e8s sur un nouveau service si vous acceptez que vos donn\u00e9es personnelles soient transmises ou non.",
		"it": "Se ritiri tutti i consensi forniti, ogni volta che visiterai un nuovo servizio, ti verr\u00e0 chiesto se vorrai trasferire un insieme di informazioni personali.",
		"lt": "Jei at\u0161auksime visus suteiktus leidimus, kiekvien\u0105 kart\u0105 kai lankysite nauj\u0105 paslaug\u0105  v\u0117l b\u016bsite klausiamas, ar sutinkate, kad b\u016bt\u0173 perduodamas duotasis asmenin\u0117s informacijos rinkinys.",
		"ja": "\u4e0e\u3048\u3089\u308c\u305f\u627f\u8a8d\u3092\u5168\u3066\u53d6\u308a\u6d88\u3059\u5834\u5408\u3001\u500b\u4eba\u60c5\u5831\u306e\u8ee2\u9001\u8a31\u53ef\u306b\u95a2\u308f\u3089\u305a\u3001\u65b0\u3057\u3044\u30b5\u30fc\u30d3\u30b9\u306b\u8a2a\u308c\u305f\u969b\u306b\u6bce\u56de\u5c0b\u306d\u3089\u308c\u307e\u3059\u3002",
		"zh-tw": "\u5982\u679c\u4f60\u64a4\u92b7\u6240\u6709\u8f49\u79fb\u8a31\u53ef\uff0c\u4e4b\u5f8c\u6bcf\u6b21\u8a2a\u554f\u4e00\u500b\u65b0\u670d\u52d9\u6642\uff0c\u60a8\u90fd\u6703\u88ab\u518d\u6b21\u8a62\u554f\u662f\u5426\u540c\u610f\u500b\u4eba\u8cc7\u6599\u5c07\u88ab\u50b3\u9001\u7684\u8f49\u79fb\u8a31\u53ef\u3002",
		"nn": "Dersom du trekk tilbake samtykke, blir du spurd ved neste innlogging om du er villig til \u00e5 overf\u00f8ra informasjon til tenesta.  Dette skjer f\u00f8r innlogging og inneber ikkje at tenesta ser informasjon, men du f\u00e5r vist fram kva som blir overf\u00f8rt.",
		"et": "Kui v\u00f5tad k\u00f5ik antud n\u00f5usolekud tagasi, siis k\u00fcsitakse sult igat teenust k\u00fclastades uuesti, kas soovid isikuandmete hulka edastada.",
		"he": "\u05d0\u05dd \u05ea\u05e1\u05d9\u05e8 \u05d0\u05ea \u05db\u05dc \u05d4\u05d4\u05e1\u05db\u05de\u05d5\u05ea \u05e9\u05e0\u05ea\u05ea, \u05d0\u05d6\u05d9 \u05ea\u05e9\u05d0\u05dc \u05e9\u05d5\u05d1 \u05db\u05dc \u05e4\u05e2\u05dd \u05d1\u05e9\u05ea\u05d1\u05e7\u05e8 \u05d1\u05e9\u05d9\u05e8\u05d5\u05ea \u05d7\u05d3\u05e9, \u05d4\u05d0\u05dd \u05d0\u05ea\u05d4 \u05de\u05e1\u05db\u05d9\u05dd \u05d0\u05d5 \u05dc\u05d0 \u05e9\u05de\u05d9\u05d3\u05e2 \u05d0\u05d9\u05e9\u05d9 \u05de\u05e1\u05d5\u05d9\u05d9\u05dd \u05d9\u05d5\u05e2\u05d1\u05e8.",
		"zh": "\u5982\u679c\u4f60\u64a4\u9500\u8bb8\u53ef\uff0c\u4f60\u5c06\u6bcf\u6b21\u8bbf\u95ee\u4e00\u4e2a\u65b0\u670d\u52a1\u65f6\u90fd\u5c06\u88ab\u8be2\u95ee\uff1a\u662f\u5426\u613f\u610f\u63a5\u53d7\u5c06\u4f60\u7684\u4e2a\u4eba\u4fe1\u606f\u53d1\u9001\u51fa\u53bb",
		"ar": "\u0627\u0630\u0627 \u0642\u0645\u062a \u0628\u0625\u0644\u063a\u0627\u0621 \u062c\u0645\u064a\u0639 \u0627\u0644\u0645\u0648\u0627\u0641\u0642\u0627\u062a \u0627\u0644\u0645\u0645\u0646\u0648\u062d\u0629 \u0633\u064a\u062a\u0645 \u0633\u0624\u0627\u0644\u0643 \u0643\u0644\u0645\u0627 \u062f\u062e\u0644\u062a \u0644\u062e\u062f\u0645\u0629 \u062c\u062f\u064a\u062f\u0629 \u0639\u0646 \u0642\u0628\u0648\u0644\u0643 \u0627\u0648 \u0631\u0641\u0636\u0643 \u0644\u062a\u062d\u0648\u064a\u0644 \u0628\u0639\u0636 \u0645\u0639\u0644\u0648\u0645\u0627\u062a\u0643 \u0627\u0644\u0634\u062e\u0635\u064a\u0629",
		"lv": "Ja nepiekr\u012btat visiem noteikumiem, katru reizi Jums tiks jaut\u0101ts, vai piekr\u012btat, ka person\u012bg\u0101 inform\u0101cija tiks p\u0101rraid\u012bta pa t\u012bklu.",
		"id": "Jika anda menarik semua consent yang diberikan, anda akan ditanya lagi setiap kalu anda mengunjungi sebuah layanan baru, apakah anda ingin atau tidak  jika sekumpulan informasi personal itu ditransfer.",
		"sr": "Ako povu\u010dete sva dosada\u0161nja odobrenja, svaki put kad pristupite novom servisu aplikacija \u0107e od vas tra\u017eiti odobrenje za isporu\u010divanje odgovaraju\u0107eg skupa li\u010dnih podataka."
	},
	"withdraw": {
		"no": "Trekk tilbake alle tidligere gitte samtykker",
		"sv": "Dra tillbaka alla godk\u00e4nda samtycken",
		"es": "Retirar todos los consentimientos concedidos",
		"de": "Alle Genehmigungen zur\u00fcckziehen",
		"nl": "Trek alle gegeven toestemming in",
		"sl": "Prekli\u010di vse privolitve.",
		"da": "Tilbagekald alle samtykker",
		"hu": "Az \u00f6sszes hozz\u00e1j\u00e1rul\u00e1s visszavon\u00e1sa",
		"pt": "Remover todos os Consentimentos definidos",
		"tr": "Verilen t\u00fcm onaylardan vazge\u00e7",
		"hr": "Povuci sva odobrenja",
		"fr": "R\u00e9voquer tous les consentements donn\u00e9s",
		"it": "Ritira tutti i consensi forniti",
		"lt": "At\u0161aukti visus suteiktus leidimus",
		"ja": "\u5168\u3066\u306e\u627f\u8a8d\u3092\u53d6\u308a\u6d88\u3059",
		"zh-tw": "\u64a4\u92b7\u6240\u6709\u8f49\u79fb\u8a31\u53ef",
		"nn": "Trekk tilbake alle samtykke",
		"et": "V\u00f5ta k\u00f5ik n\u00f5usolekud tagasi",
		"he": "\u05d4\u05e1\u05e8 \u05d0\u05ea \u05db\u05dc \u05d4\u05d4\u05e1\u05db\u05de\u05d5\u05ea \u05e9\u05e0\u05d9\u05ea\u05e0\u05d5",
		"zh": "\u64a4\u9500\u6240\u6709\u8bb8\u53ef",
		"ar": "\u0627\u0644\u063a \u0643\u0644 \u0627\u0644\u0645\u0648\u0627\u0641\u0642\u0627\u062a \u0627\u0644\u0645\u0645\u0646\u0648\u062d\u0629",
		"lv": "Nepiekrist visiem dotajiem noteikumiem",
		"id": "Tarik semua consent yang diberikan",
		"sr": "Povuci sva odobrenja"
	},
	"headerstats": {
		"no": "Samtykke statistikk",
		"sv": "Statistik f\u00f6r lagret \u00f6ver samtycken",
		"es": "Estad\u00edsticas de consentimientos almacenados",
		"de": "Statistik \u00fcber Ihre Genehmigungen",
		"nl": "Statistiek",
		"sl": "Statistika privolitev",
		"da": "Samtykkelager statestik",
		"hu": "Hozz\u00e1j\u00e1rul\u00e1s t\u00e1rol\u00f3 statisztik\u00e1k",
		"pt": "Estat\u00edsticas do armazenamento de Consentimentos",
		"tr": "Onay Depolama \u0130statistikleri",
		"hr": "Statistike odobrenja",
		"fr": "Statistiques du d\u00e9p\u00f4t de consentement",
		"it": "Statistiche sui consensi memorizzati",
		"lt": "Leidim\u0173 Saugyklos Statistika",
		"ja": "\u627f\u8a8d\u30b9\u30c8\u30ec\u30fc\u30b8\u7d71\u8a08",
		"zh-tw": "\u8a31\u53ef\u5132\u5b58\u7d71\u8a08",
		"nn": "Statistikk for samtykke",
		"et": "N\u00f5usolekute salvestamise statistika",
		"he": "\u05e1\u05d8\u05d9\u05e1\u05d8\u05d9\u05e7\u05d5\u05ea \u05e2\u05d1\u05d5\u05e8 \u05de\u05d0\u05d2\u05e8 \u05d4\u05d4\u05e1\u05db\u05de\u05d5\u05ea",
		"zh": "\u9759\u6001\u5b58\u50a8\u8bb8\u53ef",
		"ar": "\u0627\u062d\u0635\u0627\u0626\u064a\u0627\u062a \u0627\u0644\u0645\u0648\u0627\u0641\u0642\u0627\u062a \u0627\u0644\u0645\u062e\u062a\u0632\u0646\u0629",
		"lv": "Noteikumu glab\u0101tuves statistika",
		"id": "Statistik Penyimpanan Consent",
		"sr": "Statistike odobrenja"
	},
	"stattotal": {
		"no": "Samtykkelageret inneholder %NO% innslag.",
		"sv": "Lagret inneh\u00e5ller %NO% samtycken.",
		"es": "El almac\u00e9n de consentimientos tiene %NO% entradas.",
		"de": "Sie haben %NO% Genehmigungen erteilt",
		"nl": "Je toestemmingsopslag bevat %NO% items.",
		"sl": "Privolitvena stran vsebuje %NO% zapisov.",
		"da": "Samtykkelager indeholder %NO% samtykker.",
		"hu": "A hozz\u00e1j\u00e1rul\u00e1s t\u00e1rol\u00f3 %NO% bejegyz\u00e9st tartalmaz.",
		"pt": "O armazenamento de consentimentos cont\u00e9m %NO% entradas.",
		"tr": "Onay depolama %NO% elemanlar\u0131 i\u00e7ermektedir",
		"hr": "Arhiva odobrenja sadr\u017ei %NO% zapisa.",
		"fr": "Le d\u00e9p\u00f4t de consentements contient %NO% \u00e9l\u00e9ments. ",
		"it": "Immagazzinati consensi per %NO% voci.",
		"lt": "Leidim\u0173 saugyklose yra %NO% \u012fra\u0161\u0173.",
		"ja": "\u627f\u8a8d\u30b9\u30c8\u30ec\u30fc\u30b8\u306f %NO% \u30a8\u30f3\u30c8\u30ea\u3042\u308a\u307e\u3059\u3002",
		"zh-tw": "\u540c\u610f\u5132\u5b58\u5305\u542b %NO% \u9805\u76ee\u3002",
		"nn": "Samtykkelageret har %NO% innslag.",
		"et": "Salvestatud on %NO% n\u00f5usolekut.",
		"he": "\u05de\u05d0\u05d2\u05e8 \u05d4\u05d4\u05e1\u05db\u05de\u05d5\u05ea \u05de\u05db\u05d9\u05dc %NO% \u05e8\u05e9\u05d5\u05de\u05d5\u05ea.",
		"zh": "\u8bb8\u53ef\u5b58\u50a8\u5305\u542b %NO% \u5b9e\u4f53",
		"ar": "\u0645\u0633\u062a\u0648\u062f\u0639 \u0627\u0644\u0645\u0648\u0627\u0641\u0642\u0627\u062a \u064a\u062d\u062a\u0648\u064a \u0639\u0644\u064a \u066a\u0639\u062f\u062f\u066a \u0627\u062f\u062e\u0627\u0644",
		"lv": "Noteikumu glab\u0101tava satur %NO% vien\u012bbas.",
		"id": "Penyimpan consent mengandung %NO% entri.",
		"sr": "Arhiva odobrenja sadr\u017ei %NO% zapisa."
	},
	"statusers": {
		"no": "%NO% unike brukere har avgitt samtykke.",
		"sv": "%NO% unika anv\u00e4ndare har l\u00e4mnat samtycken.",
		"es": "%NO% usuarios han dado su consentimiento.",
		"de": "%NO% verschiedene Benutzer haben ihre Genehmigung erteilt",
		"nl": "%NO% unieke gebruikers hebben toestemming verleend.",
		"sl": "Privolitev je dalo %NO% razli\u010dnih uporabnikov.",
		"da": "%NO% unikke brugere har givet samtykke",
		"hu": "%NO% k\u00fcl\u00f6nb\u00f6z\u0151 felhaszn\u00e1l\u00f3 adott hozz\u00e1j\u00e1rul\u00e1st.",
		"pt": "%NO\" utilizador distintos deram o seu consentimento.",
		"tr": "%NO% biricik (unique) kullan\u0131c\u0131lar onay verdi.",
		"hr": "%NO% pojedina\u010dnih korisnika je dalo odobrenje.",
		"fr": "%NO% usagers distincts ont donn\u00e9 un consentement.",
		"it": "%NO% distinti utenti hanno dato il consenso.",
		"lt": "%NO% unikali\u0173 naudotoj\u0173 suteik\u0117 leidim\u0105.",
		"ja": "%NO% \u306e\u30e6\u30cb\u30fc\u30af\u30e6\u30fc\u30b6\u30fc\u304b\u3089\u627f\u8a8d\u3092\u4e0e\u3048\u3089\u308c\u3066\u3044\u307e\u3059\u3002",
		"zh-tw": "%NO% \u500b\u4e0d\u540c\u4f7f\u7528\u8005\u64c1\u6709\u8f49\u79fb\u8a31\u53ef\u3002",
		"nn": "%NO% unike brukarar har gjeve samtykke.",
		"et": "%NO% unikaalset kasutajat on andnud n\u00f5usolekuid.",
		"he": "%NO% \u05de\u05e9\u05ea\u05de\u05e9\u05d9\u05dd \u05e9\u05d5\u05e0\u05d9\u05dd \u05e0\u05ea\u05e0\u05d5 \u05d4\u05e1\u05db\u05de\u05d5\u05ea",
		"zh": "\u552f\u4e00\u7684%NO%\u7528\u6237\u7ed9\u4e88\u4e86\u8bb8\u53ef",
		"ar": "\u066a\u0639\u062f\u062f\u066a \u0645\u0633\u062a\u062e\u062f\u0645 \u0641\u0631\u064a\u062f \u0627\u0639\u0637\u064a \u0645\u0648\u0627\u0641\u0642\u062a\u0647",
		"lv": "%NO% lietot\u0101ju piekritu\u0161i noteikumoem.",
		"id": "Sejumlah %NO%  user  telah diberikan consent.",
		"sr": "%NO% pojedina\u010dnih korisnika je dalo odobrenje."
	},
	"statservices": {
		"no": "Samtykke er avgitt til %NO% unike tjenester.",
		"sv": "Samtycken \u00e4r l\u00e4mnade f\u00f6r %NO% unika tj\u00e4nster.",
		"es": "Consentimiento dado a %NO% servicios diferentes.",
		"de": "Genehmigung an %NO% Dienste erteilt",
		"nl": "Toestemming is verleend aan %NO% unieke diensten.",
		"sl": "%NO% razli\u010dnih storitev je dobilo privolitev.",
		"da": "Samtykke er givet til %NO% unikke services.",
		"hu": "%NO% k\u00fcl\u00f6nb\u00f6z\u0151 szolg\u00e1ltat\u00e1shoz adtak hozz\u00e1j\u00e1rul\u00e1st.",
		"pt": "Est\u00e3o definidos consentimentos para %NO% servi\u00e7os distintos.",
		"tr": "Onay %NO% biricik (unique) servislere veriliyor.",
		"hr": "Odobrenje je dano za %NO% razli\u010ditih servisa.",
		"fr": "Un consentement a \u00e9t\u00e9 donn\u00e9 \u00e0 %NO% services diff\u00e9rents.",
		"it": "Il consenso \u00e8 stato dato a %NO% servizi distinti.",
		"lt": "Leidimas suteiktas %NO% unikalioms paslaugoms.",
		"ja": "%NO% \u306e\u30e6\u30cb\u30fc\u30af\u30b5\u30fc\u30d3\u30b9\u304b\u3089\u627f\u8a8d\u3092\u4e0e\u3048\u3089\u308c\u3066\u3044\u307e\u3059\u3002",
		"zh-tw": "\u8f49\u79fb\u8a31\u53ef\u7d66\u4e88 %NO% \u500b\u4e0d\u540c\u670d\u52d9\u3002",
		"nn": "Samtykke er gjeve til %NO% unike tenester",
		"et": "N\u00f5usolekuid on antud %NO% unikaalsele teenusele.",
		"he": "\u05d4\u05d4\u05e1\u05db\u05de\u05d4 \u05e0\u05d9\u05ea\u05e0\u05d4 \u05e2\u05d1\u05d5\u05e8 %NO% \u05e9\u05d9\u05e8\u05d5\u05ea\u05d9\u05dd \u05e9\u05d5\u05e0\u05d9\u05dd",
		"zh": "\u8bb8\u53ef\u662f\u7ed9 %NO% \u552f\u4e00\u670d\u52a1",
		"ar": "\u062a\u0645 \u0625\u0639\u0637\u0627\u0621 \u0645\u0648\u0627\u0641\u0642\u0629 \u0644\u066a\u0639\u062f\u062f\u066a \u0645\u062e\u062f\u0645 \u0641\u0631\u064a\u062f",
		"lv": "%NO% servisiem ir lieto\u0161anas noteikumi.",
		"id": "Consent diberikan kepada %NO% layanan.",
		"sr": "Odobrenje je dano za %NO% razli\u010ditih servisa."
	}
}
