{
	"sp_empty_name": {
		"da": "(navn ikke angivet)",
		"no": "(navn ikke spesifisert)",
		"de": "(Name nicht angegeben)",
		"sl": "(brez naziva)",
		"pt": "(nome n\u00e3o especificado)",
		"sv": "(namn ej angivet)",
		"fr": "(nom non indiqu\u00e9)",
		"hr": "(naziv nije specificiran)",
		"hu": "(nincs n\u00e9v)",
		"it": "(nome non specificato)",
		"es": "(nombre no especificado)",
		"lt": "(pavadinimas nenurodytas)",
		"nl": "(naam niet opgegeven)",
		"ja": "(\u540d\u524d\u7121\u3057)",
		"zh-tw": "(\u672a\u5b9a\u7fa9\u540d\u7a31)",
		"nn": "(namn ikkje spesifisert)",
		"et": "(nimi m\u00e4\u00e4ramata)",
		"he": "(\u05dc\u05d0 \u05e0\u05d9\u05ea\u05df \u05e9\u05dd)",
		"zh": "\uff08\u6ca1\u6709\u6307\u5b9a\u540d\u5b57\uff09",
		"ar": "\u0627\u0644\u0627\u0633\u0645 \u063a\u064a\u0631 \u0645\u062d\u062f\u062f",
		"lv": "(v\u0101rds nav nor\u0101d\u012bts)",
		"id": "(Nama tidak diisi)",
		"sr": "(ime nije specificirano)",
		"ro": "(nu a fost specificat numele)",
		"ru": "(\u0438\u043c\u044f \u043d\u0435 \u0443\u043a\u0430\u0437\u0430\u043d\u043e)",
		"cs": "(jm\u00e9no nespecifikov\u00e1no)"
	},
	"sp_empty_description": {
		"da": "(ingen beskrivelse)",
		"no": "(ingen beskrivelse)",
		"de": "(keine Beschreibung)",
		"sl": "(brez opisa)",
		"pt": "(sem descri\u00e7\u00e3o)",
		"sv": "(ingen beskrivning)",
		"fr": "(pas de description)",
		"hr": "(nema opisa)",
		"hu": "(nincs le\u00edr\u00e1s)",
		"it": "(nessuna descrizione)",
		"es": "(sin descripci\u00f3n)",
		"lt": "(apib\u016bdinimas nenurodytas)",
		"nl": "(geen omschrijving)",
		"ja": "(\u8a18\u8ff0\u7121\u3057)",
		"zh-tw": "(\u7121\u63cf\u8ff0)",
		"nn": "(mangler informasjon)",
		"et": "(kirjeldus puudub)",
		"he": "(\u05d0\u05d9\u05df \u05ea\u05d9\u05d0\u05d5\u05e8)",
		"zh": "\uff08\u6ca1\u6709\u63cf\u8ff0\uff09",
		"ar": "\u0644\u0627 \u064a\u0648\u062c\u062f \u0648\u0635\u0641",
		"lv": "(nav apraksta)",
		"id": "(Tidak ada penjelasan)",
		"sr": "(nema opisa)",
		"ro": "(f\u0103r\u0103 descriere)",
		"ru": "(\u043e\u043f\u0438\u0441\u0430\u043d\u0438\u0435 \u043e\u0442\u0441\u0443\u0442\u0441\u0442\u0432\u0443\u0435\u0442)",
		"cs": "(\u017e\u00e1dn\u00fd popis)"
	},
	"attribute_org": {
		"da": "Organisation",
		"no": "Organisasjon",
		"de": "Organisation",
		"sl": "Organizacija",
		"pt": "Organiza\u00e7\u00e3o",
		"sv": "Organisation",
		"fr": "Institution",
		"hr": "Ustanova",
		"hu": "Int\u00e9zm\u00e9ny",
		"it": "Organizzazione",
		"es": "Organizaci\u00f3n",
		"lt": "Organizacija",
		"nl": "Organisatie",
		"ja": "\u7d44\u7e54",
		"zh-tw": "\u7d44\u7e54",
		"nn": "Organisasjon",
		"et": "Organisatsioon",
		"he": "\u05d0\u05d9\u05e8\u05d2\u05d5\u05df",
		"zh": "\u7ec4\u7ec7",
		"ar": "\u0627\u0644\u0645\u0646\u0638\u0645\u0629",
		"lv": "Organiz\u0101cija",
		"id": "Organisasi",
		"sr": "Institucija",
		"ro": "Institu\u021bie",
		"ru": "\u041e\u0440\u0433\u0430\u043d\u0438\u0437\u0430\u0446\u0438\u044f",
		"cs": "Organizace"
	},
	"added": {
		"da": "Samtykke givet",
		"no": "Samtykke gitt",
		"de": "Einverst\u00e4ndnis hinzugef\u00fcgt",
		"sl": "Privolitev dodana",
		"pt": "Consentimento adicionado",
		"sv": "Samtycke tillagt",
		"fr": "Consentement ajout\u00e9",
		"hr": "Dozvola dodana",
		"hu": "Hozz\u00e1j\u00e1rul\u00e1s r\u00f6gz\u00edtve",
		"it": "Consenso Aggiunto",
		"es": "Consentimiento a\u00f1adido",
		"lt": "Leidimas prid\u0117tas",
		"ja": "\u627f\u8a8d\u304c\u8ffd\u52a0\u3055\u308c\u307e\u3057\u305f",
		"zh-tw": "\u540c\u610f\u65b0\u589e",
		"nn": "Samtykke lagt til",
		"nl": "Toestemming Toegevoegd",
		"et": "N\u00f5usolek lisatud",
		"he": "\u05d4\u05e1\u05db\u05de\u05d4 \u05d4\u05d5\u05e1\u05e4\u05d4",
		"zh": "\u5df2\u7ecf\u6dfb\u52a0\u7684\u8bb8\u53ef",
		"ar": "\u062a\u0645\u062a \u0627\u0636\u0627\u0641\u0629 \u0627\u0644\u0645\u0648\u0627\u0641\u0642\u0629",
		"lv": "Pievienotie noteikumi",
		"id": "Consent telah ditambahkan",
		"sr": "Dozvola dodata",
		"ro": "Acordul a fost ad\u0103ugat",
		"ru": "\u0421\u043e\u0433\u043b\u0430\u0441\u0438\u0435 \u0434\u043e\u0431\u0430\u0432\u043b\u0435\u043d\u043e",
		"cs": "Ud\u011blen\u00e9 povolen\u00ed"
	},
	"removed": {
		"da": "Samtykke slettet",
		"no": "Samtykke trukket tilbake",
		"de": "Einverst\u00e4ndnis entfernt",
		"sl": "Privolitev razveljavljena",
		"pt": "Consentimento removido",
		"sv": "Samtycke borttaget",
		"fr": "Consentement r\u00e9voqu\u00e9",
		"hr": "Dozvola uklonjena",
		"hu": "Hozz\u00e1j\u00e1rul\u00e1s visszavonva",
		"it": "Consenso Rimosso",
		"es": "Consentimiento eliminado",
		"lt": "Leidimas pa\u0161alintas",
		"ja": "\u627f\u8a8d\u304c\u524a\u9664\u3055\u308c\u307e\u3057\u305f",
		"zh-tw": "\u540c\u610f\u79fb\u9664",
		"nn": "Samtykke trukke tilbake",
		"nl": "Toestemming Verwijderd",
		"et": "N\u00f5usolek eemaldatud",
		"he": "\u05d4\u05e1\u05db\u05de\u05d4 \u05d4\u05d5\u05e1\u05e8\u05d4",
		"zh": "\u5df2\u7ecf\u79fb\u9664\u7684\u8bb8\u53ef",
		"ar": "\u062a\u0645 \u062d\u0630\u0641 \u0627\u0644\u0645\u0648\u0627\u0641\u0642\u0629",
		"lv": "No\u0146emtie noteikumi",
		"id": "Consent telah dibuang",
		"sr": "Dozvola uklonjena",
		"ro": "Acordul a fost \u00eenl\u0103turat",
		"ru": "\u0421\u043e\u0433\u043b\u0430\u0441\u0438\u0435 \u043e\u0442\u043e\u0437\u0432\u0430\u043d\u043e",
		"cs": "Odebran\u00e9 povolen\u00ed"
	},
	"updated": {
		"da": "Samtykke Opdateret",
		"no": "Samtykke oppdatert",
		"de": "Einverst\u00e4ndnis aktualisiert",
		"sl": "Privolitev posodobljena",
		"pt": "Consentimento actualizado",
		"sv": "Samtycke uppdaterat",
		"fr": "Consentement mis ) jour",
		"hr": "Dozvola a\u017eurirana",
		"hu": "Hozz\u00e1j\u00e1rul\u00e1s friss\u00edtve",
		"it": "Consenso Aggiornato",
		"es": "Consentimiento actualizado",
		"lt": "Leidimas atnaujintas",
		"ja": "\u627f\u8a8d\u304c\u66f4\u65b0\u3055\u308c\u307e\u3057\u305f",
		"zh-tw": "\u540c\u610f\u66f4\u65b0",
		"nn": "Samtykke oppdatert",
		"nl": "Toestemming Bijgewerkt",
		"et": "N\u00f5usolek uuendatud",
		"he": "\u05d4\u05e1\u05db\u05de\u05d4 \u05e2\u05d5\u05d3\u05db\u05e0\u05d4",
		"zh": "\u5df2\u7ecf\u66f4\u65b0\u7684\u8bb8\u53ef",
		"ar": "\u062a\u062d\u062f\u064a\u062b \u0627\u0644\u0645\u0648\u0627\u0641\u0642\u0629",
		"lv": "Uzlabotie noteikumi",
		"id": "Consent telah diupdate",
		"sr": "Dozvola a\u017eurirana",
		"ro": "Acordul a fost actualizat",
		"ru": "\u0421\u043e\u0433\u043b\u0430\u0441\u0438\u0435 \u043e\u0431\u043d\u043e\u0432\u043b\u0435\u043d\u043e",
		"cs": "Aktualizovan\u00e9 povolen\u00ed"
	},
	"unknown": {
		"da": "Ukendt ...",
		"no": "Ukjent...",
		"de": "Unbekannt...",
		"sl": "Neznan...",
		"pt": "Desconhecido ...",
		"sv": "Ok\u00e4nd...",
		"fr": "Inconnu ...",
		"hr": "Nepoznato ...",
		"hu": "Ismeretlen ...",
		"it": "Sconosciuto...",
		"es": "Desconocido ...",
		"lt": "Ne\u017einoma...",
		"ja": "\u4e0d\u660e\u2026",
		"zh-tw": "\u672a\u77e5...",
		"nn": "Ukjent...",
		"nl": "Onbekend...",
		"et": "Tundmatu...",
		"he": "\u05dc\u05d0 \u05d9\u05d3\u05d5\u05e2...",
		"zh": "\u672a\u77e5...",
		"ar": "\u063a\u064a\u0631 \u0645\u0639\u0631\u0648\u0641",
		"lv": "Nezin\u0101ms ...",
		"id": "Tidak diketahui...",
		"sr": "Nepoznato ...",
		"ro": "Necunoscut ...",
		"ru": "\u041d\u0435\u0438\u0437\u0432\u0435\u0441\u0442\u043d\u043e..",
		"cs": "Nezn\u00e1m\u00fd ..."
	},
	"attribute_id": {
		"da": "Identitet",
		"no": "Identitet",
		"de": "Identit\u00e4t",
		"sl": "Identiteta",
		"pt": "Identidade",
		"sv": "Identitet",
		"fr": "Identit\u00e9",
		"hr": "Identitet",
		"hu": "Azonoss\u00e1g",
		"it": "Identit\u00e0",
		"es": "Identidad",
		"lt": "Tapatyb\u0117",
		"ja": "\u8b58\u5225\u5b50",
		"zh-tw": "\u8eab\u5206",
		"nn": "Identitet",
		"nl": "Identiteit",
		"et": "Identiteet",
		"he": "\u05d6\u05d4\u05d5\u05ea",
		"zh": "\u8eab\u4efd",
		"ar": "\u0627\u0644\u0647\u0648\u064a\u0629",
		"lv": "Identit\u0101te",
		"id": "Identitas",
		"sr": "Identitet",
		"ro": "Identitate",
		"ru": "\u0418\u0434\u0435\u043d\u0442\u0438\u0444\u0438\u043a\u0430\u0446\u0438\u043e\u043d\u043d\u0430\u044f \u0438\u043d\u0444\u043e\u0440\u043c\u0430\u0446\u0438\u044f",
		"cs": "Identita"
	},
	"attribute_injected": {
		"da": "Injiceret attribut",
		"no": "Persondata lagt til",
		"de": "Eingekoppeltes Attribut",
		"sl": "Vrinjen atribut",
		"pt": "Atributo injectado",
		"sv": "Tillf\u00f6rt attribut",
		"fr": "Attribut ajout\u00e9",
		"hr": "Uba\u010deni atribut",
		"hu": "Attrib\u00fatum besz\u00far\u00e1sa",
		"it": "Attributo inserito",
		"es": "Atributo inyectado",
		"lt": "\u012eterptas atributas",
		"ja": "\u633f\u5165\u3055\u308c\u305f\u5c5e\u6027",
		"zh-tw": "\u52a0\u5165\u5c6c\u6027",
		"nn": "Persondata lagt til",
		"nl": "Ge\u00efnjecteerd attibuut",
		"et": "XXXS\u00fcstitud atribuut",
		"he": "\u05de\u05d0\u05e4\u05d9\u05d9\u05df \u05de\u05d5\u05d6\u05e8\u05e7",
		"zh": "\u6ce8\u5165\u7684\u5c5e\u6027",
		"ar": "\u0627\u0644\u0633\u0645\u0627\u062a \u0627\u0644\u062a\u064a \u062a\u0645 \u062a\u0642\u062f\u064a\u0645\u0647\u0627",
		"lv": "Ievietots atrib\u016bts",
		"id": "Attribut yang diinjeksi",
		"sr": "Uba\u010deni atribut",
		"ro": "Atribut introdus",
		"ru": "\u0412\u0432\u0435\u0434\u0435\u043d\u043d\u044b\u0439 \u0430\u0442\u0440\u0438\u0431\u0443\u0442",
		"cs": "Vlo\u017een\u00fd atribut"
	},
	"show": {
		"da": "Vis",
		"no": "Vis",
		"de": "Zeige an",
		"sl": "Prika\u017ei",
		"pt": "Mostrar",
		"sv": "Visa",
		"fr": "Voir",
		"hr": "Prika\u017ei",
		"hu": "Attrib\u00fatumok megjelen\u00edt\u00e9se",
		"it": "Mostra",
		"es": "Mostrar",
		"lt": "Parodyti",
		"ja": "\u8868\u793a",
		"zh-tw": "\u986f\u793a",
		"nn": "Vis",
		"nl": "Bekijk",
		"et": "N\u00e4ita",
		"he": "\u05d4\u05e6\u05d2",
		"zh": "\u663e\u793a",
		"ar": "\u0627\u0638\u0647\u0627\u0631",
		"lv": "Par\u0101d\u012bt",
		"id": "Perlihatkan",
		"sr": "Prika\u017ei",
		"ro": "Arat\u0103",
		"ru": "\u041f\u043e\u043a\u0430\u0437\u0430\u0442\u044c",
		"cs": "Zobrazit"
	},
	"hide": {
		"da": "Skjul",
		"no": "Skjul",
		"de": "Verstecke",
		"sl": "Skrij",
		"pt": "Esconder",
		"sv": "G\u00f6m",
		"fr": "Cacher",
		"hr": "Sakrij",
		"hu": "Attrib\u00fatumok rejt\u00e9se",
		"it": "Nascondi",
		"es": "Ocultar",
		"lt": "Pasl\u0117pti",
		"ja": "\u975e\u8868\u793a",
		"zh-tw": "\u96b1\u85cf",
		"nn": "Skjul",
		"nl": "Verberg",
		"et": "Peida",
		"he": "\u05d4\u05e1\u05ea\u05e8",
		"zh": "\u9690\u85cf",
		"ar": "\u0627\u062e\u0641\u0627\u0621",
		"lv": "Sl\u0113pt",
		"id": "Sembunyikan",
		"sr": "Sakrij",
		"ro": "Ascunde",
		"ru": "\u0421\u043a\u0440\u044b\u0442\u044c",
		"cs": "Skr\u00fdt"
	},
	"attributes_text": {
		"da": "attributter",
		"no": "persondata",
		"de": "Attribute",
		"sl": "atributi",
		"pt": "atributos",
		"sv": "attribut",
		"fr": "attributs",
		"hr": "atributi",
		"hu": ".",
		"it": "attributi",
		"es": "Atributos",
		"lt": "atributai",
		"ja": "\u5c5e\u6027",
		"zh-tw": "\u5c6c\u6027",
		"nn": "persondata",
		"nl": "attributen",
		"et": "atribuudid",
		"he": "\u05de\u05d0\u05e4\u05d9\u05d9\u05e0\u05d9\u05dd",
		"zh": "\u5c5e\u6027",
		"ar": "\u0627\u0644\u0633\u0645\u0627\u062a",
		"lv": "atrib\u016bti",
		"id": "Attribute",
		"sr": "atributi",
		"ro": "atribute",
		"ru": "\u0430\u0442\u0440\u0438\u0431\u0443\u0442\u044b",
		"cs": "atributy"
	},
	"consentadmin_header": {
		"da": "Administrer dine samtykker",
		"no": "Samtykkeadministrasjon",
		"de": "Verwaltung von Einverst\u00e4ndniserkl\u00e4rungen",
		"sl": "Upravljanje s privolitvami",
		"pt": "Administra\u00e7\u00e3o de Consentimento",
		"sv": "Samtyckesadministration",
		"fr": "Administration des consentements",
		"hr": "Administracija dozvola",
		"hu": "Adatkezel\u00e9si hozz\u00e1j\u00e1rul\u00e1sok kezel\u00e9se",
		"it": "Amministrazione del consenso",
		"es": "Administraci\u00f3n de consentimiento",
		"lt": "Leidim\u0173 administravimas",
		"ja": "\u627f\u8a8d\u7ba1\u7406",
		"zh-tw": "\u7ba1\u8f44\u8a31\u53ef",
		"nn": "Samtykkeadministrasjon",
		"nl": "Toestemming Beheer",
		"et": "N\u00f5usoleku administreerimine",
		"he": "\u05de\u05e0\u05d4\u05dc \u05d4\u05e1\u05db\u05de\u05d5\u05ea\u05ea",
		"zh": "\u7ba1\u7406\u5458\u8bb8\u53ef",
		"ar": "\u0627\u062f\u0627\u0631\u0629 \u0627\u0644\u0645\u0648\u0627\u0641\u0642\u0629",
		"lv": "Noteikumu administrators",
		"id": "Administrasi Consent",
		"sr": "Administracija dozvola",
		"ro": "Administrarea acordurilor (consim\u021b\u0103mintelor)",
		"ru": "\u0423\u043f\u0440\u0430\u0432\u043b\u0435\u043d\u0438\u0435 \u0441\u043e\u0433\u043b\u0430\u0441\u0438\u0435\u043c",
		"cs": "Administrace povolen\u00ed"
	},
	"consentadmin_description1": {
		"da": "WAYF videregiver kun oplysninger til eksterne tjenester, hvis du giver dit samtykke til det. Hvilke oplysninger det drejer sig om, varierer alt efter hvad tjenesteudbyderen har behov for. Det kan for eksempel v\u00e6re:<ul><li>Dit navn<li>Din e-mail-adresse<li>Din institution<li>Etc.<\/ul>Hvis du s\u00e6tter et flueben ud for <b>Husk dette samtykke<\/b>, vil du ikke blive spurgt, n\u00e6ste gang du bes\u00f8ger tjenesteudbyderen. S\u00e5 husker WAYF, at du allerede har givet samtykke til at videregive oplysninger til tjenesteudbyderen. <p>Nedenfor er opf\u00f8rt de tjenester, som du for \u00f8jeblikket har givet l\u00f8bende samtykke til:<\/a>",
		"no": "Her kan du se og endre dine samtykker for tjenester.",
		"de": "Hier k\u00f6nnen Sie Ihre Einverst\u00e4ndniserkl\u00e4rungen f\u00fcr die Diensteanbieter anzeigen und bearbeiten.",
		"sl": "Pregled in urejanje privolitev za posamezen SP.",
		"pt": "Nesta p\u00e1gina pode ver e editar o seu consentimento dado aos Fornecedores de Servi\u00e7os.",
		"sv": "H\u00e4r kan du se och \u00e4ndra dina samtycken f\u00f6r olika tj\u00e4nsteleverant\u00f6rer.",
		"fr": "Vous pouvez ici voir et modifier les consentements donn\u00e9s pour les fournisseurs de service.",
		"hr": "Ovdje mo\u017eete pregledati i mijenjati va\u0161e dozvole davateljima usluga.",
		"hu": "Ezen az oldalon lehet szolg\u00e1ltat\u00f3nk\u00e9nt (SP) az adakezel\u00e9si hozz\u00e1j\u00e1rul\u00e1sokat megtekinteni \u00e9s m\u00f3dos\u00edtani.",
		"it": "Qui \u00e8 possibile vedere e modificare i consensi per i vari Service Provider.",
		"es": "Aqu\u00ed puedes visualizar y editar tu consentimiento para los proveedores de servicio",
		"lt": "\u010cia j\u016bs galite per\u017ei\u016br\u0117ti ir keisti savo leidimus paslaug\u0173 teik\u0117jams",
		"ja": "\u3053\u3053\u306f\u3001\u30b5\u30fc\u30d3\u30b9\u30d7\u30ed\u30d0\u30a4\u30c0\u306e\u627f\u8a8d\u3092\u8868\u793a\u3057\u305f\u308a\u7de8\u96c6\u3059\u308b\u3053\u3068\u304c\u51fa\u6765\u307e\u3059\u3002",
		"zh-tw": "\u9019\u908a\u53ef\u4ee5\u6aa2\u8996\u53ca\u4fee\u6539\u60a8\u540c\u610f\u7684\u670d\u52d9\u63d0\u4f9b\u8005\u3002",
		"nn": "Her kan du sj\u00e5 og endra dine samtykke til tenestene.",
		"et": "Siin saad n\u00e4ha ja muuta teenusepakkujatega n\u00f5usolekuid.",
		"he": "\u05db\u05d0\u05df \u05d0\u05ea\u05d4 \u05d9\u05db\u05d5\u05dc \u05dc\u05e8\u05d0\u05d5\u05ea \u05d5\u05dc\u05e2\u05e8\u05d5\u05da \u05d0\u05ea \u05d4\u05e1\u05db\u05de\u05d5\u05ea\u05da \u05dc\u05e1\u05e4\u05e7\u05d9 \u05d4\u05e9\u05d9\u05e8\u05d5\u05ea",
		"zh": "\u5728\u8fd9\u91cc\u4f60\u53ef\u4ee5\u67e5\u770b\u548c\u7f16\u8f91\u4f60\u7684SP\u8bb8\u53ef",
		"ar": "\u064a\u0645\u0643\u0646\u0643 \u0631\u0624\u064a\u0629 \u0648\u062a\u0639\u062f\u064a\u0644 \u0645\u0648\u0627\u0641\u0642\u062a\u0643 \u0639\u0644\u064a \u0645\u0634\u063a\u0644\u064a \u0627\u0644\u062e\u062f\u0645\u0627\u062a \u0647\u0646\u0627 ",
		"lv": "\u0160eit J\u016bs varat apl\u016bkot un labot noteikumus priek\u0161 servisu pieg\u0101d\u0101t\u0101jiem",
		"id": "Disini anda dapat melihat dan mengedit consent anda untuk Service Provider.",
		"sr": "Ovde mo\u017eete pregledati i menjati va\u0161e dozvole davaocima servisa.",
		"nl": "Hier kunt u uw verleende toestemmingen voor dienstverleners bekijken en bewerken.",
		"ro": "Aici pute\u021bi edita acordul\/consim\u021b\u0103m\u00e2ntul dumneavoastr\u0103 pentru Furnizorii de servicii.",
		"ru": "\u0412 \u044d\u0442\u043e\u043c \u043f\u043e\u043b\u0435 \u043c\u043e\u0436\u043d\u043e \u043f\u0440\u043e\u0441\u043c\u043e\u0442\u0440\u0435\u0442\u044c \u0438 \u043e\u0442\u0440\u0435\u0434\u0430\u043a\u0442\u0438\u0440\u043e\u0432\u0430\u0442\u044c \u0442\u0435\u043a\u0441\u0442 \u0432\u0430\u0448\u0435\u0433\u043e \u0441\u043e\u0433\u043b\u0430\u0441\u0438\u044f \u0434\u043b\u044f \u0441\u0435\u0440\u0432\u0438\u0441 \u043f\u0440\u043e\u0432\u0430\u0439\u0434\u0435\u0440\u043e\u0432.",
		"cs": "Zde m\u016f\u017eete zobrazit a upravit va\u0161e povolen\u00ed pro Poskytovatele slu\u017eeb."
	},
	"consentadmin_description2": {
		"da": "<h3>S\u00e5dan sletter du et samtykke<\/h3>Fjern fluebenet ud for tjenesten, samtykket tilh\u00f8rer.<h3>Hvilke data gemmer WAYF om dig?<\/h3><ul><li>N\u00e5r du giver dit samtykke, henter WAYF dine oplysninger fra din institution og sender de relevante videre til tjenesteudbyderen<li>Ingen af oplysningerne gemmes af WAYF<li>Hvis du har bedt WAYF huske dit samtykke, gemmes personhenf\u00f8rbare data heller ikke hos WAYF. Oplysningen om, at du har givet dit samtykke, gemmes p\u00e5 en ikke-personhenf\u00f8rbar m\u00e5de<\/ul><h3>Hvilke rettigheder har du?<\/h3>Du har ret til at tr\u00e6kke et samtykke tilbage.<h3>Hvor l\u00e6nge gemmes dine samtykker?<\/h3>Et samtykke slettes tre \u00e5r efter, at du sidst har benyttet det.<h3>Hvordan beskyttes mine oplysninger?<\/h3>WAYF foretager behandlinger af personoplysninger i henhold til persondataloven (lov nr. 429 af 31. maj 2000 med senere \u00e6ndringer). Du kan l\u00e6se n\u00e6rmere om registreredes rettigheder i persondatalovens afsnit III.<a href=\"http:\/\/www.datatilsynet.dk\/lovgivning\/persondataloven\/\">Persondataloven<\/a><h3>Links<\/h3><ul><li><a href=\"https:\/\/www.wayf.dk\">Start<\/a> <\/li><li><a href=\"https:\/\/www.wayf.dk\/index.php\/da\/om-wayf\/faq-ofte-stillede-sporgsmal\">FAQ<\/a> <\/li><\/ul>",
		"no": "<h3>Hvordan trekke samtykke tilbake<\/h3> Fjern haken i boksen for gitte tjenestetilbyder <h3>Lenker<\/h3> <ul> <li><a href=\"https:\/\/www.wayf.dk\">Start<\/a> <\/li> <li><a href=\"https:\/\/www.wayf.dk\/index.php\/da\/om-wayf\/faq-ofte-stillede-sporgsmal\">Ofte stilte sp\u00f8rsm\u00e5l<\/a> <\/li> <\/ul> ",
		"de": "<h3>Wie Sie Ihre Einverst\u00e4ndniserkl\u00e4rung l\u00f6schen<\/h3> Entfernen Sie das H\u00e4kchen von der Box des jeweiligen Diensteanbieters<h3>Links<\/h3><ul><li><a href=\"https:\/\/www.wayf.dk\">Start<\/a> <\/li> <li><a href=\"https:\/\/www.wayf.dk\/index.php\/en\/about-wayf\/faq-frequently-asked-questions\">FAQ<\/a> <\/li> <\/ul> ",
		"sl": "<h3>Kako razveljavim dano privolitev?<\/h3> Odstranite kljukico pred SPjem, za katerega \u017eelite razveljaviti dano privolitev<h3>Povezave<\/h3> <ul> <li><a href=\"https:\/\/aai.arnes.si\">Start<\/a> <\/li> <li><a href=\"https:\/\/aai.arnes.si\">FAQ<\/a> <\/li> <\/ul>",
		"pt": "<h3>Como remover o seu consentimento<\/h3> Retire a marca correspondente ao fornecedor de servi\u00e7o que pretende remover.",
		"sv": "<h3>Hur du tar bort ditt samtycke<\/h3> Ta bort markeringen i rutan kopplad till tj\u00e4nsteleverant\u00f6ren <h3>L\u00e4nkar<\/h3> <ul> <li><a href=\"https:\/\/www.wayf.dk\">Start<\/a> <\/li> <li><a href=\"https:\/\/www.wayf.dk\/index.php\/en\/about-wayf\/faq-frequently-asked-questions\">FAQ<\/a> <\/li> <\/ul> ",
		"fr": "<h3>Comment r\u00e9voquer un consentement<\/h3>D\u00e9cochez la case correspondante au fournisseur de service <h3>Liens<\/h3><ul><li><a href=\"https:\/\/www.wayf.dk\">Commencer<\/a><li><li><a href=\"https:\/\/www.wayf.dk\/index.php\/en\/about-wayf\/faq-frequently-asked-questions\">FAQ<\/a><\/li><\/ul> ",
		"hr": "<h3>Kako obrisati dozvolu<\/h3> Maknite kva\u010dicu iz polja koje se odnosi na davatelja usluge <h3>Poveznice<\/h3> <ul> <li><a href=\"https:\/\/www.wayf.dk\">Po\u010detna stranica<\/a> <\/li> <li><a href=\"https:\/\/www.wayf.dk\/index.php\/en\/about-wayf\/faq-frequently-asked-questions\">Pitanja i odgovori<\/a> <\/li> <\/ul> ",
		"hu": "<h3>Hogyan kell visszavonni egy hozz\u00e1j\u00e1rul\u00e1st?<\/h3> A szolg\u00e1ltat\u00f3hoz tartoz\u00f3 jel\u00f6l\u0151n\u00e9gyzetben sz\u00fcntesse meg a kijel\u00f6l\u00e9st!",
		"it": "<h3>Come rimuovere il consenso><\/h3> Togliere il segno di spunta al corrispondente service provider<h3>Collegamenti<\/h3><ul><li><a href=\"https:\/\/www.wayf.dk\">Inizio<\/a><\/li><li><a href=\"https:\/\/www.wayf.dk\/index.php\/en\/about-wayf\/faq-frequently-asked-questions\">FAQ<\/a><\/li><\/ul>",
		"es": "<h3>Como eliminar su consentimiento<\/h3> Desmarque la opci\u00f3n correspondiente al proveedor de servicios <h3>V\u00ednculos<\/h3> <ul> <li><a href=\"https:\/\/www.wayf.dk\">Inicio<\/a> <\/li> <li><a href=\"https:\/\/www.wayf.dk\/index.php\/en\/about-wayf\/faq-frequently-asked-questions\">FAQ<\/a> <\/li> <\/ul>",
		"lt": "<h3>Kaip pa\u0161alinti savo leidim\u0105<\/h3> Panaikinkite pa\u017eym\u0117jim\u0105 ties atitinkamu paslaugos teik\u0117ju <h3>Nuorodos<\/h3> <ul> <li><a href=\"https:\/\/www.wayf.dk\">Prad\u017eia<\/a> <\/li> <li><a href=\"https:\/\/www.wayf.dk\/FAQ\">FAQ<\/a> <\/li> <\/ul> ",
		"ja": "<h3>\u627f\u8a8d\u306e\u524a\u9664\u65b9\u6cd5<\/h3> \u8a72\u5f53\u3059\u308b\u30b5\u30fc\u30d3\u30b9\u30d7\u30ed\u30d0\u30a4\u30c0\u306e\u30c1\u30a7\u30c3\u30af\u3092\u5916\u3057\u307e\u3059\u3002<h3>\u30ea\u30f3\u30af<\/h3> <ul> <li><a href=\"https:\/\/www.wayf.dk\">Start<\/a> <\/li> <li><a href=\"https:\/\/www.wayf.dk\/index.php\/en\/about-wayf\/faq-frequently-asked-questions\">FAQ<\/a> <\/li> <\/ul> ",
		"zh-tw": "<h3>\u5728\u9019\u522a\u9664\u60a8\u7684\u6388\u6b0a<\/h3> \u53d6\u6d88\u52fe\u9078\u670d\u52d9\u63d0\u4f9b\u8005\u5c0d\u61c9\u7684\u6838\u53d6\u65b9\u584a <h3>\u9023\u7d50<\/h3> <ul> <li><a href=\"https:\/\/www.wayf.dk\">\u958b\u59cb<\/a> <\/li> <li><a href=\"https:\/\/www.wayf.dk\/index.php\/en\/about-wayf\/faq-frequently-asked-questions\">\u8aaa\u660e<\/a> <\/li> <\/ul> ",
		"nn": "<h3>Korleis dra tilbake samtykke<\/h3> Fjern haka i boksen for enkelte tenester <h3>Lenker<\/h3> <ul> <li><a href=\"https:\/\/www.wayf.dk\">Start<\/a> <\/li> <li><a href=\"https:\/\/www.wayf.dk\/index.php\/da\/om-wayf\/faq-ofte-stillede-sporgsmal\">Ofte stilte sp\u00f8rsm\u00e5l<\/a> <\/li> <\/ul> ",
		"nl": "<h3>Hoe verwijderdt u toestemmingen<\/h3> Vinkt u het vakje af dat overeenkomt met de dienstverlener <h3>Links<\/h3> <ul> <li><a href=\"https:\/\/www.wayf.dk\">Start<\/a> <\/li> <li><a href=\"https:\/\/www.wayf.dk\/index.php\/en\/about-wayf\/faq-frequently-asked-questions\">FAQ<\/a> <\/li> <\/ul>",
		"et": "<h3>Kuidas eemaldada n\u00f5usolekut<\/h3> Eemalda vastava teenusepakkuja juurest m\u00e4rge <h3>Viited<\/h3> <ul> <li><a href=\"https:\/\/www.wayf.dk\">Start<\/a> <\/li> <li><a href=\"https:\/\/www.wayf.dk\/index.php\/en\/about-wayf\/faq-frequently-asked-questions\">KKK<\/a> <\/li> <\/ul>",
		"he": "<h3>\u05d0\u05d9\u05da \u05dc\u05d4\u05e1\u05d9\u05e8 \u05d0\u05ea \u05d4\u05e1\u05db\u05de\u05ea\u05da<\/h3> \u05dc\u05d7\u05e5 \u05d1\u05ea\u05d9\u05d1\u05d4 \u05d4\u05de\u05ea\u05d0\u05d9\u05de\u05d4 \u05dc\u05e1\u05e4\u05e7 \u05d4\u05e9\u05d9\u05e8\u05d5\u05ea <h3>\u05e7\u05d9\u05e9\u05d5\u05e8\u05d9\u05dd<\/h3>  <ul> <li><a href=\"https:\/\/www.wayf.dk\">\u05d4\u05ea\u05d7\u05dc\u05d4<\/a> <\/li> <li><a href=\"https:\/\/www.wayf.dk\/index.php\/en\/about-wayf\/faq-frequently-asked-questions\">\u05e9\u05d0\u05dc\u05d5\u05ea \u05e0\u05e4\u05d5\u05e6\u05d5\u05ea<\/a> <\/li> <\/ul> ",
		"zh": "<h3>\u5982\u4f55\u5220\u9664\u4f60\u7684\u8bb8\u53ef<\/h3>\u53cd\u9009\u76f8\u5e94\u7684SP\u9009\u62e9\u6846<h3>Links<\/h3> <ul> <li><a href=\"https:\/\/www.wayf.dk\">\u5f00\u59cb<\/a> <\/li> <li><a href=\"https:\/\/www.wayf.dk\/index.php\/en\/about-wayf\/faq-frequently-asked-questions\">FAQ<\/a> <\/li> <\/ul>",
		"ar": "\u0644\u062d\u0630\u0641 \u0645\u0648\u0627\u0641\u0642\u062a\u0643<\/h3>\u0627\u0644\u063a\u064a  \u0635\u0646\u062f\u0648\u0642 \u0645\u0634\u063a\u0644 \u0627\u0644\u062e\u062f\u0645\u0629<h3>\u0631\u0648\u0627\u0628\u0637<\/h3> <ul> <li><a href=\"https:\/\/www.wayf.dk\">\u0623\u0628\u062f\u0627>\/a><\/li><li><ahref=\"https:\/\/www.wayf.dk\/index.php\/en\/about-wayf\/faq-frequently-asked-questions<\/a> <\/a> <\/li> <\/ul> ",
		"lv": "<h3>K\u0101 dz\u0113st noteikumus<\/h3> Iz\u0146emiet \u0137eks\u012bti pie atbilsto\u0161\u0101 servisa pieg\u0101d\u0101t\u0101ja <h3>Saites<\/h3> <ul> <li><a href=\"https:\/\/www.wayf.dk\">S\u0101kums<\/a> <\/li> <li><a href=\"https:\/\/www.wayf.dk\/index.php\/en\/about-wayf\/faq-frequently-asked-questions\">BUJ<\/a> <\/li> <\/ul> ",
		"id": "<h3>Bagaimana cara menghapus consent anda<\/h3> Hapus centak pada kotak service provider yang anda maksud <h3>Link<\/h3> <ul> <li><a href=\"https:\/\/www.wayf.dk\">Mulai<\/a> <\/li> <li><a href=\"https:\/\/www.wayf.dk\/index.php\/en\/about-wayf\/faq-frequently-asked-questions\">FAQ<\/a> <\/li> <\/ul>",
		"sr": "<h3>Kako obrisati dozvolu<\/h3> Uklonite kva\u010dicu iz polja koje se odnosi na davaoca servisa <h3>Linkovi<\/h3> <ul> <li><a href=\"https:\/\/www.wayf.dk\">Po\u010detna stranica<\/a> <\/li> <li><a href=\"https:\/\/www.wayf.dk\/index.php\/en\/about-wayf\/faq-frequently-asked-questions\">Pitanja i odgovori<\/a> <\/li> <\/ul> ",
		"ro": "<h3>Cum poate fi anulat acordul dumneavoastr\u0103<\/h3>Debifa\u021bi c\u0103su\u021ba corespunz\u0103toare furnizorului de servicii <h3>Link-uri<\/h3><ul><li><a href=\"https:\/\/www.wayf.dk\">Start<\/a><\/li><li><a href=\"https:\/\/www.wayf.dk\/FAQ\">FAQ<\/a><\/li><\/ul>",
		"ru": "<h3>\u041a\u0430\u043a \u0443\u0434\u0430\u043b\u0438\u0442\u044c \u0432\u0430\u0448\u0435 \u0441\u043e\u0433\u043b\u0430\u0441\u0438\u0435<\/h3> \u0421\u043d\u0438\u043c\u0438\u0442\u0435 \u0432\u044b\u0434\u0435\u043b\u0435\u043d\u0438\u0435 \u0441 \u0441\u0435\u0440\u0432\u0438\u0441 \u043f\u0440\u043e\u0432\u0430\u0439\u0434\u0435\u0440\u0430 <h3>\u0421\u0441\u044b\u043b\u043a\u0438<\/h3> <ul> <li><a href=\"https:\/\/www.wayf.dk\">Start<\/a> <\/li> <li><a href=\"https:\/\/www.wayf.dk\/FAQ\">FAQ<\/a> <\/li> <\/ul>",
		"cs": "<h3>Jak smazat va\u0161e povolen\u00ed<\/h3> Odzna\u010dte pol\u00ed\u010dko odpov\u00eddaj\u00edc\u00ed poskytovateli slu\u017eeb <h3>Odkazy<\/h3> <ul><li><a href=\"https:\/\/www.wayf.dk\">Start<\/a><\/li><li><a href=\"https:\/\/www.wayf.dk\/FAQ\">FAQ<\/a><\/li><\/ul>"
	},
	"login": {
		"da": "login",
		"no": "login",
		"de": "Anmeldung",
		"sl": "Prijava",
		"pt": "Entrar",
		"sv": "Logga in",
		"fr": "Connexion",
		"hr": "Prijavi se",
		"hu": "Bel\u00e9p\u00e9s",
		"it": "connessione",
		"es": "entrar",
		"ja": "\u30ed\u30b0\u30a4\u30f3",
		"lt": "Prisijungti",
		"zh-tw": "\u767b\u5165",
		"nn": "logg inn",
		"nl": "login",
		"et": "logi sisse",
		"he": "\u05d4\u05ea\u05d7\u05d1\u05e8",
		"zh": "\u767b\u9646",
		"ar": "\u062a\u0633\u062c\u064a\u0644 \u0627\u0644\u062f\u062e\u0648\u0644",
		"lv": "piesl\u0113gties",
		"id": "login",
		"sr": "Prijavi se",
		"ro": "autentificare",
		"ru": "\u0412\u0445\u043e\u0434",
		"cs": "p\u0159ihl\u00e1\u0161en\u00ed"
	},
	"service_providers_for": {
		"da": "Service Providers for",
		"no": "Tjenesteleverand\u00f8rer for",
		"de": "Diensteanbieter f\u00fcr",
		"sl": "Ponudniki storitev za",
		"pt": "Fornecedores de Servi\u00e7os para",
		"sv": "Tj\u00e4nsteleverant\u00f6rer f\u00f6r",
		"fr": "Fournisseurs de service pour",
		"hr": "Davatelji usluga za",
		"hu": "Szolg\u00e1ltat\u00f3",
		"it": "Service provider per",
		"es": "Proveedores de servicio para",
		"ja": "\u30b5\u30fc\u30d3\u30b9\u30d7\u30ed\u30d0\u30a4\u30c0 - ",
		"lt": "Paslaugos tiek\u0117jai",
		"zh-tw": "\u670d\u52d9\u63d0\u4f9b\u8005\u7684",
		"nn": "Tenesteleverand\u00f8r for ",
		"nl": "Service Providers voor",
		"et": "Teenusepakkujad",
		"he": "\u05e1\u05e4\u05e7\u05d9 \u05e9\u05d9\u05e8\u05d5\u05ea \u05e2\u05d1\u05d5\u05e8",
		"zh": "\u670d\u52a1\u63d0\u4f9b\u5546\u670d\u52a1\u4e8e",
		"ar": "\u0645\u0634\u063a\u0644\u064a \u0627\u0644\u062e\u062f\u0645\u0629 \u0644",
		"lv": "Servisa pieg\u0101d\u0101t\u0101ji priek\u0161",
		"id": "Service Provider untuk",
		"sr": "Davaoci Servisa za",
		"ro": "Furnizori de servicii pentru",
		"ru": "\u0421\u0435\u0440\u0432\u0438\u0441 \u043f\u0440\u043e\u0432\u0430\u0439\u0434\u0435\u0440\u044b \u0434\u043b\u044f",
		"cs": "Poskytovatel\u00e9 slu\u017eeb pro"
	},
	"service_provider_header": {
		"da": "Service Provider",
		"no": "Tjenesteleverand\u00f8r",
		"de": "Diensteanbieter",
		"sl": "Ponudnik storitve",
		"pt": "Fornecedor de Servi\u00e7o",
		"sv": "Tj\u00e4nsteleverant\u00f6r",
		"fr": "Fournisseurs de service",
		"hr": "Davatelj usluge",
		"hu": "Szolg\u00e1ltat\u00f3",
		"it": "Service Provider",
		"es": "Proveedor de servicio",
		"ja": "\u30b5\u30fc\u30d3\u30b9\u30d7\u30ed\u30d0\u30a4\u30c0",
		"lt": "Paslaugos tiek\u0117jas",
		"zh-tw": "\u670d\u52d9\u63d0\u4f9b\u8005",
		"nn": "Tenesteleverand\u00f8r",
		"nl": "Service Provider",
		"et": "Teenusepakkuja",
		"he": "\u05e1\u05e4\u05e7 \u05e9\u05d9\u05e8\u05d5\u05ea",
		"zh": "\u670d\u52a1\u63d0\u4f9b\u5546",
		"ar": "\u0645\u0642\u062f\u0645 \u0627\u0644\u062e\u062f\u0645\u0629",
		"lv": "Servisa pieg\u0101d\u0101t\u0101js",
		"id": "Service Provider",
		"sr": "Davalac Servisa",
		"ro": "Furnizor de servicii",
		"ru": "\u0421\u0435\u0440\u0432\u0438\u0441 \u043f\u0440\u043e\u0432\u0430\u0439\u0434\u0435\u0440",
		"cs": "Poskytovatel slu\u017eeb"
	},
	"status_header": {
		"da": "Samtykke status",
		"no": "Samtykke status",
		"de": "Status der Einverst\u00e4ndniserkl\u00e4rung",
		"sl": "Status privolitve",
		"pt": "Consentimento",
		"sv": "Samtyckesstatus",
		"fr": "Statut du consentement",
		"hr": "Stanje dozvola",
		"hu": "Hozz\u00e1j\u00e1rul\u00e1s \u00e1llapota",
		"it": "Stato del consenso",
		"es": "Estado del consentimiento",
		"ja": "\u627f\u8a8d\u30b9\u30c6\u30fc\u30bf\u30b9",
		"lt": "Leidimo statusas",
		"zh-tw": "\u8a31\u53ef\u72c0\u614b",
		"nn": "Samtykkestatus",
		"nl": "Toestemming Status",
		"et": "N\u00f5usoleku olek",
		"he": "\u05de\u05e6\u05d1 \u05d4\u05e1\u05db\u05de\u05d4",
		"zh": "\u8bb8\u53ef\u72b6\u6001",
		"ar": "\u062d\u0627\u0644\u0629 \u0627\u0644\u0645\u0648\u0627\u0641\u0642\u0629",
		"lv": "Noteikumu statuss",
		"id": "Status consent",
		"sr": "Stanje dozvole",
		"ro": "Stare acord (consim\u021b\u0103m\u00e2nt)",
		"ru": "\u0421\u0442\u0430\u0442\u0443\u0441 \u0441\u043e\u0433\u043b\u0430\u0441\u0438\u044f",
		"cs": "Stav povolen\u00ed"
	},
	"show_hide_attributes": {
		"da": "vis\/skjul attributter",
		"no": "vis\/skjul persondata",
		"de": "Attribute anzeigen\/verstecken",
		"sl": "Prika\u017ei\/Skrij atribute",
		"pt": "mostrar\/esconder atributos",
		"sv": "visa\/g\u00f6m attribut",
		"fr": "voir\/cacher les attributs",
		"hr": "prika\u017ei\/sakrij atribute",
		"hu": "Attrib\u00fatumok megjelen\u00edt\u00e9se\/rejt\u00e9se",
		"it": "Mostra\/nascondi attributi",
		"es": "Mostrar\/ocultar atributos",
		"ja": "\u8868\u793a\/\u975e\u8868\u793a\u5c5e\u6027",
		"lt": "Rodyti\/sl\u0117pti atributus",
		"zh-tw": "\u986f\u793a\/\u96b1\u85cf\u5c6c\u6027",
		"nn": "vis\/skjul personinformasjon",
		"nl": "bekijk\/verberg attributen",
		"et": "n\u00e4ita\/peida atribuudid",
		"he": "\u05d4\u05e8\u05d0\u05d4\\\u05d4\u05e1\u05ea\u05e8 \u05de\u05d0\u05e4\u05d9\u05d9\u05e0\u05d9\u05dd",
		"zh": "\u663e\u793a\/\u9690\u85cf\u5c5e\u6027",
		"ar": "\u0627\u0638\u0647\u0631\/ \u0627\u062e\u0641\u064a \u0627\u0644\u0633\u0645\u0627\u062a",
		"lv": "r\u0101d\u012b\u0161anas\/sl\u0113p\u0161anas atrib\u016bti",
		"id": "Tunjukkan\/sembunyikan attribute",
		"sr": "prika\u017ei\/sakrij atribute",
		"ro": "arat\u0103\/ascunde atributele",
		"ru": "\u041f\u043e\u043a\u0430\u0437\u0430\u0442\u044c\/\u0441\u043a\u0440\u044b\u0442\u044c \u0430\u0442\u0440\u0438\u0431\u0443\u0442\u044b",
		"cs": "zobrazit\/skr\u00fdt atributy"
	},
	"consentadmin_purpose": {
		"da": "Form\u00e5let med tjenesten er",
		"no": "Hensikten med denne tjenesten er",
		"de": "Der Zweck dieses Dienstes ist",
		"sl": "Namen storitve: ",
		"pt": "Este servi\u00e7o destina-se a",
		"sv": "Systet med tj\u00e4nsten \u00e4r",
		"fr": "L'objet de ce service est",
		"hr": "Namjena ovog servisa je",
		"hu": "A szolg\u00e1ltat\u00e1s le\u00edr\u00e1sa",
		"it": "Lo scopo di questo servizio \u00e8",
		"es": "El prop\u00f3sito del servicio es",
		"ja": "\u30b5\u30fc\u30d3\u30b9\u306e\u76ee\u7684: ",
		"lt": "Paslaugos paskirtis yra",
		"zh-tw": "\u6b64\u9805\u670d\u52d9\u7684\u76ee\u7684\u70ba",
		"nn": "Form\u00e5let med tenesta er",
		"nl": "Het nut van de server is",
		"et": "Selle teenuse eesm\u00e4rk on",
		"he": "\u05de\u05d8\u05e8\u05ea \u05d4\u05e9\u05d9\u05e8\u05d5\u05ea \u05d4\u05d9\u05d0",
		"zh": "\u8be5\u670d\u52a1\u7684\u7528\u9014",
		"ar": "\u063a\u0631\u0636 \u0627\u0644\u062e\u062f\u0645\u0629 \u0647\u0648",
		"lv": "\u0160\u012b servisa nol\u016bks ir",
		"id": "Tujuan dari layanan ini adalah",
		"sr": "Namena ovog servisa je",
		"ro": "Scopul acestui serviciu este",
		"ru": "\u0426\u0435\u043b\u044c\u044e \u0441\u0435\u0440\u0432\u0438\u0441\u0430 \u044f\u0432\u043b\u044f\u0435\u0442\u0441\u044f",
		"cs": "\u00da\u010del slu\u017eby je"
	}
}
