{
	"selectidp": {
		"no": "Velg din identitetsleverand\u00f8r",
		"nn": "Vel innloggingsteneste",
		"sv": "V\u00e4lj din identitetsleverant\u00f6r",
		"es": "Seleccione su proveedor de identidad",
		"fr": "S\u00e9lectionnez votre fournisseur d'identit\u00e9",
		"de": "W\u00e4hlen Sie Ihren Identity Provider",
		"nl": "Kies je Identity Provider",
		"sl": "Izberite IdP doma\u010de organizacije",
		"da": "V\u00e6lg institution (identitetsudbyder)",
		"hr": "Odaberite autentifikacijski servis",
		"hu": "V\u00e1lasszon szem\u00e9lyazonoss\u00e1g-szolg\u00e1ltat\u00f3t (IdP)",
		"fi": "Valitse identiteettill\u00e4hteesi",
		"pt-br": "Selecione seu provedor de identidade",
		"pt": "Escolha o seu fornecedor de identidade (IdP)",
		"pl": "wybierz swojego Dostawc\u0119 To\u017csamo\u015bci.",
		"cs": "Zvol sv\u00e9ho poskytovatele identity (IdP)",
		"tr": "Kimlik sa\u011flay\u0131c\u0131n\u0131z\u0131 se\u00e7iniz.",
		"lt": "Pasirinkite savo tapatybi\u0173 tiek\u0117j\u0105",
		"it": "Selezionare il proprio identity provider",
		"ja": "\u30a2\u30a4\u30c7\u30f3\u30c6\u30a3\u30c6\u30a3\u30d7\u30ed\u30d0\u30a4\u30c0\u3092\u9078\u629e\u3057\u3066\u304f\u3060\u3055\u3044",
		"zh-tw": "\u9078\u64c7\u4f60\u7684\u8b58\u5225\u63d0\u4f9b\u8005(idp)",
		"ru": "\u0412\u044b\u0431\u0438\u0440\u0435\u0442\u0435 \u0432\u0430\u0448 identity provider",
		"et": "Vali oma identiteedipakkuja",
		"he": "\u05d1\u05d7\u05e8 \u05d0\u05ea \u05e1\u05e4\u05e7 \u05d4\u05d6\u05d4\u05d5\u05ea \u05e9\u05dc\u05da",
		"zh": "\u9009\u62e9\u4f60\u7684\u8eab\u4efd\u63d0\u4f9b\u8005",
		"ar": "\u0627\u062e\u062a\u0627\u0631 \u0645\u0648\u0642\u0639 \u0647\u0648\u064a\u062a\u0643",
		"id": "Pilih identity provider anda",
		"lv": "Izv\u0113lieties identit\u0101tes pieg\u0101d\u0101t\u0101ju",
		"sr": "Odaberite va\u0161eg davaoca identiteta",
		"ro": "Alege\u021bi furnizorul de identitate"
	},
	"selectidp_full": {
		"no": "Vennligst velg hvilken identitetsleverand\u00f8r du vil bruke for \u00e5 logge inn:",
		"nn": "Vel innloggingsteneste (IdP) der du \u00f8nskjer \u00e5 logga inn.",
		"sv": "V\u00e4lj vilken identitetsleverant\u00f6r du vill logga in med:",
		"es": "Por favor, seleccione el proveedor de identidad donde desea autenticarse",
		"fr": "S\u00e9lectionnez le fournisseur d'identit\u00e9 aupr\u00e8s duquel vous souhaitez vous authentifier :",
		"de": "Bitte w\u00e4hlen Sie den Identity Provider, bei dem Sie Sich authentifizieren m\u00f6chten:",
		"nl": "Selecteer de Identity Provider waar je wil authenticeren:",
		"sl": "Izberite IdP, na katerem se boste avtenticirali:",
		"da": "V\u00e6lg institutionen (identitetsudbyderen) hvor du vil logge ind",
		"hr": "Molimo odaberite servis preko kojeg se \u017eelite autentificirati:",
		"hu": "K\u00e9rj\u00fck, v\u00e1lassza ki azt a szem\u00e9lyazonoss\u00e1g-szolg\u00e1ltat\u00f3t (IdP), ahol azonos\u00edtani k\u00edv\u00e1nja mag\u00e1t:",
		"fi": "Valitse identiteettil\u00e4hteesi jossa haluat kirjautua",
		"pt-br": "Por favor selecione o provedor de identidade ao qual deseja se autenticar",
		"pt": "Por favor, escolha o  fornecedor de identidade (IdP) que ir\u00e1 usar para se autenticar:",
		"pl": "Prosz\u0119 wybra\u0107 Dostawc\u0119 To\u017csamo\u015bci, przez kt\u00f3rego  chcesz si\u0119 uwierzytelni\u0107:",
		"cs": "Pros\u00edm zvolte sve\u00e9ho poskytovatele identity, kter\u00fd v\u00e1m dovol\u00ed se p\u0159ihl\u00e1sit",
		"tr": "L\u00fctfen, kimlik do\u011frulamas\u0131 yapaca\u011f\u0131n\u0131z kimlik sa\u011flay\u0131c\u0131y\u0131 se\u00e7iniz: ",
		"lt": "Pra\u0161ome pasirinkite tapatybi\u0173 tiek\u0117j\u0105, kuriame norite autentikuotis:",
		"it": "Si prega di selezionare l'identity provider con il quale autenticarsi:",
		"ja": "\u8a8d\u8a3c\u3092\u884c\u3044\u305f\u3044\u30a2\u30a4\u30c7\u30f3\u30c6\u30a3\u30c6\u30a3\u30d7\u30ed\u30d0\u30a4\u30c0\u3092\u9078\u629e\u3057\u3066\u304f\u3060\u3055\u3044:",
		"zh-tw": "\u8acb\u9078\u64c7\u60a8\u6240\u8981\u524d\u5f80\u8a8d\u8b49\u7684\u9a57\u8b49\u63d0\u4f9b\u8005\uff1a",
		"ru": "\u041f\u043e\u0436\u0430\u043b\u0443\u0439\u0441\u0442\u0430, \u0432\u044b\u0431\u0438\u0440\u0435\u0442\u0435 identity provider \u0441 \u043f\u043e\u043c\u043e\u0449\u044c\u044e \u043a\u043e\u0442\u043e\u0440\u043e\u0433\u043e \u0432\u044b \u0445\u043e\u0442\u0438\u0442\u0435 \u043f\u0440\u043e\u0439\u0442\u0438 \u0430\u0443\u0442\u0435\u043d\u0442\u0438\u0444\u0438\u043a\u0430\u0446\u0438\u044e:",
		"et": "Palun vali identiteedipakkuja, mille juures soovid autentida:",
		"he": "\u05d1\u05d7\u05e8 \u05d0\u05ea \u05e1\u05e4\u05e7 \u05d4\u05d6\u05d9\u05d4\u05d5\u05ea \u05d0\u05dc\u05d9\u05d5 \u05d0\u05ea\u05d4 \u05e8\u05d5\u05e6\u05d4 \u05dc\u05d4\u05d9\u05d6\u05d3\u05d4\u05d5\u05ea:",
		"zh": "\u9009\u62e9\u4f60\u8981\u8ba4\u8bc1\u7684\u8eab\u4efd\u63d0\u4f9b\u8005",
		"ar": "\u0627\u062e\u062a\u0631 \u0645\u0648\u0642\u0639 \u0627\u0644\u0647\u0648\u064a\u0629 \u0627\u0644\u0630\u064a \u062a\u0631\u063a\u0628 \u0628\u062f\u062e\u0648\u0644\u0647",
		"id": "Silahkan pilih identity provider tempat anda ingin melakukan autentifikasi",
		"lv": "L\u016bdzu izv\u0113lieties identit\u0101tes pieg\u0101d\u0101t\u0101ju, pie kura v\u0113laties autentific\u0113ties:",
		"sr": "Molimo vas odaberite davaoca identiteta kod koga se \u017eelite autentifikovati:",
		"ro": "V\u0103 rug\u0103m s\u0103 alege\u021bi furnizorul de identitate pe care dori\u021bi s\u0103-l folosi\u021bi pentru autentificarea dumneavoastr\u0103:"
	},
	"select": {
		"no": "Velg",
		"nn": "Vel",
		"sv": "V\u00e4lj",
		"es": "Seleccione",
		"fr": "S\u00e9lectionner",
		"de": "Auswahl",
		"nl": "Kies",
		"sl": "Izberite",
		"da": "V\u00e6lg",
		"hr": "Odaberi",
		"hu": "V\u00e1laszt",
		"fi": "Valitse",
		"pt-br": "Selecione",
		"pt": "Escolher",
		"pl": "Wybierz",
		"cs": "Zvol",
		"tr": "Se\u00e7",
		"lt": "Pasirinkite",
		"it": "Selezionare",
		"ja": "\u9078\u629e",
		"zh-tw": "\u9078\u64c7",
		"ru": "\u0412\u044b\u0431\u0440\u0430\u0442\u044c",
		"et": "Vali",
		"he": "\u05d1\u05d7\u05e8",
		"zh": "\u9009\u62e9",
		"ar": "\u0627\u062e\u062a\u0627\u0631",
		"id": "Pilih",
		"lv": "Izv\u0113l\u0113ties",
		"sr": "Odaberi",
		"ro": "Selecta\u021bi"
	},
	"remember": {
		"no": "Husk mitt valg",
		"nn": "Hugs mitt val",
		"sv": "Kom ih\u00e5g mitt val",
		"es": "Recordar mi elecci\u00f3n",
		"fr": "Retenir ce choix",
		"de": "Meine Auswahl merken",
		"nl": "Onthoud mijn keuze",
		"sl": "Shrani kot privzeto izbiro",
		"da": "Husk valget",
		"hr": "Zapamti moj odabir",
		"hu": "Eml\u00e9kezzen erre",
		"fi": "Muista valintani",
		"pt-br": "Lembrar minha escolha",
		"pt": "Lembrar esta escolha",
		"pl": "Zapami\u0119taj m\u00f3j wyb\u00f3r",
		"cs": "Zapamatuj moji volbu",
		"tr": "Se\u00e7imimi hat\u0131rla",
		"lt": "Prisiminti pasirinkim\u0105",
		"it": "Ricorda la mia scelta",
		"ja": "\u9078\u629e\u3092\u8a18\u61b6\u3059\u308b",
		"zh-tw": "\u8a18\u4f4f\u6211\u7684\u9078\u64c7",
		"ru": "\u0417\u0430\u043f\u043e\u043c\u043d\u0438\u0442\u044c \u043c\u043e\u0439 \u0432\u044b\u0431\u043e\u0440",
		"et": "J\u00e4ta valik meelde",
		"he": "\u05d6\u05db\u05d5\u05e8 \u05d0\u05ea \u05d4\u05d1\u05d7\u05d9\u05e8\u05d4 \u05e9\u05dc\u05d9",
		"zh": "\u8bb0\u4f4f\u6211\u7684\u9009\u62e9",
		"ar": "\u062a\u0630\u0643\u0631 \u062e\u064a\u0627\u0631\u0627\u062a\u064a",
		"id": "Ingat pilihan saya",
		"lv": "Atcer\u0113ties manu izv\u0113li",
		"sr": "Zapamti moj izbor",
		"ro": "Memoreaz\u0103 alegerea f\u0103cut\u0103"
	},
	"icon_prefered_idp": {
		"no": "[Foretrukket valg]",
		"sv": "Prioriterat val",
		"es": "[Opci\u00f3n preference]",
		"de": "[Bevorzugte Auswahl]",
		"nl": "[Voorkeurskeuze]",
		"sl": "Prioritetna izbira",
		"da": "Foretrukket valg",
		"hu": "[K\u00edv\u00e1nt v\u00e1laszt\u00e1s]",
		"fi": "[Oletusvalinta]",
		"pt": "Escolha preferida",
		"pl": "Preferowany wyb\u00f3r",
		"tr": "[Tercih edilen se\u00e7enek]",
		"fr": "[Choix pr\u00e9f\u00e9r\u00e9]",
		"hr": "[Primarni odabir]",
		"nn": "Beste val",
		"lt": "[Rekomenduojame]",
		"it": "[Scelta preferita]",
		"ja": "[\u63a8\u5968\u3059\u308b\u9078\u629e]",
		"zh-tw": "\u559c\u597d\u9078\u64c7",
		"ru": "[\u041f\u0440\u0435\u0434\u043f\u043e\u0447\u0442\u0438\u0442\u0435\u043b\u044c\u043d\u044b\u0439 \u0432\u044b\u0431\u043e\u0440]",
		"et": "[Eelistatud valik]",
		"he": "[\u05d1\u05d7\u05d9\u05e8\u05d4 \u05de\u05e2\u05d5\u05d3\u05e4\u05ea]",
		"pt-br": "[Op\u00e7\u00e3o preferida]",
		"zh": "\u9996\u9009\u9009\u9879",
		"ar": "\u0627\u062e\u062a\u064a\u0627\u0631\u064a \u0627\u0644\u0645\u0641\u0636\u0644",
		"id": "Pilihan yang disukai",
		"lv": "(Mana lab\u0101k\u0101 izv\u0113le)",
		"sr": "[Preferirani izbor]",
		"ro": "[Varianta preferat\u0103]",
		"cs": "[Preferovan\u00e1 volba]"
	},
	"previous_auth": {
		"no": "Du har tidligere valg \u00e5 autentisere deg hos",
		"sv": "Du har  tidigare valt att logga in med",
		"es": "Previamente solicit\u00f3 autenticarse en",
		"nl": "Je hebt eerder gekozen voor authenticatie bij",
		"sl": "Predhodnje ste se prijavljali \u017ee pri",
		"da": "Du har tidligere valgt at logge ind hos",
		"de": "Sie haben sich zu einem fr\u00fcheren Zeitpunkt entschieden, sich zu authentifizieren bei ",
		"fi": "Olet aikaisemmin valinnut identiteettil\u00e4hteeksesi",
		"pt": "Escolheu autenticar-se anteriormente em",
		"fr": "Pr\u00e9c\u00e9demment, vous aviez choisi de vous authentifier sur",
		"hr": "Prethodno ste odabrali autentifikaciju kroz",
		"nn": "Du har tidlegare logga inn ved",
		"lt": "Anks\u010diau pasirinkote autentikuotis",
		"it": "Precedentemente si \u00e8 scelto di autenticarsi con",
		"hu": "Kor\u00e1bban ezt a szem\u00e9lyazonoss\u00e1g-szolg\u00e1ltat\u00f3t (IdP) v\u00e1lasztotta: ",
		"ja": "\u524d\u56de\u9078\u629e\u3057\u305f\u8a8d\u8a3c: ",
		"zh-tw": "\u60a8\u5148\u524d\u5df2\u9078\u64c7\u8a8d\u8b49\u65bc",
		"pl": "Poprzednio wybra\u0142e\u015b",
		"ru": "\u0412\u044b \u0443\u0436\u0435 \u0432\u044b\u0431\u0440\u0430\u043b\u0438 \u0434\u043b\u044f \u0430\u0443\u0442\u0435\u043d\u0442\u0438\u0444\u0438\u043a\u0430\u0446\u0438\u0438 \u0432",
		"et": "Varem oled valinud autentida, kasutades",
		"he": "\u05d1\u05e2\u05d1\u05e8 \u05d1\u05d7\u05e8\u05ea \u05dc\u05d4\u05d6\u05d3\u05d4\u05d5\u05ea \u05d1-",
		"pt-br": "Voc\u00ea j\u00e1 escolheu para autenticar a",
		"zh": "\u4f60\u5148\u524d\u9009\u62e9\u7684\u8ba4\u8bc1",
		"ar": "\u0642\u0645\u062a \u0633\u0627\u0628\u0642\u0627 \u0628\u0627\u0644\u062a\u0635\u062f\u064a\u0642 \u0641\u064a",
		"id": "Sebelumnya anda telah memilih untuk melakukan autentifikasi di ",
		"lv": "Iepriek\u0161 J\u016bs autentific\u0113j\u0101ties pie",
		"sr": "Prethodno ste izabrali da se autentifikujete kroz",
		"ro": "Anterior a\u021bi ales s\u0103 v\u0103 autentifica\u021bi la",
		"cs": "D\u0159\u00edve jste zvolil(a) ov\u011b\u0159en\u00ed u"
	},
	"login_at": {
		"no": "Logg inn hos",
		"sv": "Logga in med",
		"es": "Identificarse en",
		"nl": "Inloggen bij",
		"sl": "Prijavi se pri",
		"da": "Login hos",
		"de": "Login bei",
		"fi": "Kirjaudu",
		"pt": "Entrar em",
		"fr": "S'authentifier sur",
		"hr": "Prijavi se kroz",
		"nn": "Logg inn ved",
		"lt": "Prisijungti prie",
		"it": "Effettua il login con",
		"hu": "Bel\u00e9p\u00e9s ide:",
		"ja": "\u30ed\u30b0\u30a4\u30f3: ",
		"zh-tw": "\u767b\u5165\u81f3",
		"pl": "Zaloguj w",
		"ru": "\u0412\u043e\u0439\u0442\u0438 \u0432",
		"et": "Logi sisse",
		"he": "\u05db\u05e0\u05e1 \u05dc-",
		"pt-br": "Logado como",
		"zh": "\u767b\u5f55\u4e8e",
		"ar": "\u0633\u062c\u0644 \u062f\u062e\u0648\u0644\u064a \u0639\u0644\u064a",
		"id": "Login di",
		"lv": "Piesl\u0113gties pie",
		"sr": "Prijavi se kroz",
		"ro": "Autentificare la",
		"cs": "P\u0159ihl\u00e1\u0161en\u00ed k"
	}
}
