{
	"warning": {
		"no": "Vi har detektert at det er bare noen f\u00e5 sekunder siden du sist ble autentisert p\u00e5 denne tjenesten, og derfor antar vi at det er et problem med oppsettet av denne tjenesten.",
		"de": "Wir haben festgestellt, dass seit Ihrer letzten Anmeldung bei diesem Diensteanbieter nur wenige Sekunden vergangen sind. Deswegen gehen wir davon aus, dass es ein Problem mit diesem Anbieter gibt.",
		"sl": "Sistem je zaznal naslednje, od predhodnje in te prijave je poteklo le nekaj sekund, zato sklepa na te\u017eave ponudnika storitve (SP).",
		"pt": "Foi detectada uma repeti\u00e7\u00e3o de autentica\u00e7\u00e3o neste servi\u00e7o em poucos segundos. Este SP pode ter um problema.",
		"sv": "Vi har uppt\u00e4ckt att det bara vara n\u00e5gra f\u00e5 sekunder sedan du senast loggade in mot denna tj\u00e4nst (service provider) och d\u00e4rf\u00f6r antar vi att det \u00e4r ett problem med denna tj\u00e4nst.",
		"hr": "Sustav je utvrdio da je pro\u0161lo tek nekoliko sekundi otkad ste se zadnji put autentificirali za pristup ovoj aplikaciji te stoga pretpostavljamo da se javio problem kod davatelja usluge.",
		"da": "Vi har opdaget at det kun er f\u00e5 sekunder siden du sidst autentificerede dig op mod denne service. Vi antager derfor at der er et problem med services.",
		"fr": "Il ne s'est \u00e9coul\u00e9 que quelques secondes depuis votre authentification pr\u00e9c\u00e9dente, ce qui est la marque d'un dysfonctionnement de ce SP.",
		"it": "E' stato rilevato che sono passati solo alcuni secondi dalla tua ultima autenticazione con questo fornitore di servizio, quindi si pu\u00f2 assumere che ci sia un problema con il Service Provider.",
		"es": "Se ha detectado que han transcurrido solo unos segundos desde que fue autenticado por \u00faltima vez en este servicio, por lo que se asumir\u00e1 que existe un problema con este SP.",
		"nn": "Vi har merka at det kun er nokon f\u00e5 sekund sidan du sist vart logga inn p\u00e5 denne tenesta, og derfor trur vi at det er eit problem med oppsettet av denne tjenesta.",
		"lt": "Mes nustat\u0117me, kad pra\u0117jo tik kelios sekund\u0117s nuo J\u016bs\u0173 autenti\u0161kumo patvirtimo \u0161iam paslaugos teik\u0117jui, d\u0117l to manome, kad yra nesklandum\u0173 su SP.",
		"hu": "Mind\u00f6ssze n\u00e9h\u00e1ny m\u00e1sodperc telt el az SP-hez t\u00f6rt\u00e9n\u0151, legut\u00f3bbi azonos\u00edt\u00e1s \u00f3ta. Ez nem norm\u00e1lis m\u0171k\u00f6d\u00e9s, \u00fagy t\u0171nik, valami probl\u00e9ma l\u00e9pett fel az SP-n\u00e9l.",
		"nl": "We hebben waargenomen dat u slechts een paar seconden geleden al aangemeld bent bij deze serviceprovider, daarom nemen we aan dat er een probleem is met deze SP.",
		"ja": "\u79c1\u305f\u3061\u306f\u305f\u3063\u305f\u6570\u79d2\u524d\u306b\u3042\u306a\u305f\u304c\u3053\u306e\u30b5\u30fc\u30d3\u30b9\u30d7\u30ed\u30d0\u30a4\u30c0\u306b\u8a8d\u8a3c\u3055\u308c\u3066\u3044\u308b\u4e8b\u3092\u691c\u77e5\u3057\u3066\u3044\u307e\u3059\u3001\u5f93\u3063\u3066\u554f\u984c\u306fSP\u306b\u5728\u308b\u3068\u63a8\u6e2c\u3067\u304d\u307e\u3059\u3002",
		"zh-tw": "\u6211\u5011\u5075\u6e2c\u5230\u8ddd\u96e2\u60a8\u6700\u5f8c\u4e00\u6b21\u9a57\u8b49\u65bc\u9019\u500b\u670d\u52d9\u63d0\u4f9b\u8005\u53ea\u6709\u77ed\u77ed\u5e7e\u79d2\uff0c\u800c\u9019\u53ef\u80fd\u662f SP \u6709\u9ede\u554f\u984c\u3002",
		"et": "Tuvastasime, et sinu viimasest autentimisest selle teenusepakkujaga on m\u00f6\u00f6dunud ainult m\u00f5ned sekundid ja seep\u00e4rast arvame, et sellega teenusepakkujaga on probleeme.",
		"he": "\u05d2\u05d9\u05dc\u05d9\u05e0\u05d5 \u05e9\u05e2\u05d1\u05e8\u05d5 \u05e8\u05e7 \u05de\u05e1\u05e4\u05e8 \u05e9\u05e0\u05d9\u05d5\u05ea \u05de\u05d0\u05d6 \u05e9\u05d4\u05d9\u05d6\u05d3\u05d4\u05ea \u05d1\u05e4\u05e2\u05dd \u05d4\u05d0\u05d7\u05e8\u05d5\u05e0\u05d4 \u05e2\u05dd \u05e1\u05e4\u05e7 \u05d4\u05e9\u05e8\u05d5\u05ea \u05d4\u05d6\u05d4, \u05d5\u05dc\u05db\u05df \u05d0\u05e0\u05d7\u05e0\u05d5 \u05de\u05e0\u05d9\u05d7\u05d9\u05dd \u05e9\u05d9\u05e9\u05e0\u05d4 \u05d1\u05e2\u05d9\u05d9\u05d4 \u05e2\u05dd \u05e1\"\u05d4\u05e9.",
		"ru": "\u041c\u044b \u043e\u0431\u043d\u0430\u0440\u0443\u0436\u0438\u043b\u0438, \u0447\u0442\u043e \u043f\u0440\u043e\u0448\u043b\u043e \u0442\u043e\u043b\u044c\u043a\u043e \u043d\u0435\u0441\u043a\u043e\u043b\u044c\u043a\u043e \u0441\u0435\u043a\u0443\u043d\u0434 \u0441 \u043c\u043e\u043c\u0435\u043d\u0442\u0430 \u043f\u043e\u0441\u043b\u0435\u0434\u043d\u0435\u0439 \u0430\u0443\u0442\u0435\u043d\u0442\u0438\u0444\u0438\u043a\u0430\u0446\u0438\u0438 \u0441 \u044d\u0442\u0438\u043c \u043f\u043e\u0441\u0442\u0430\u0432\u0449\u0438\u043a\u043e\u043c \u0443\u0441\u043b\u0443\u0433, \u0438, \u0441\u043b\u0435\u0434\u043e\u0432\u0430\u0442\u0435\u043b\u044c\u043d\u043e, \u043f\u0440\u0435\u0434\u043f\u043e\u043b\u043e\u0436\u0438\u043b\u0438, \u0447\u0442\u043e \u0441\u0443\u0449\u0435\u0441\u0442\u0432\u0443\u0435\u0442 \u043f\u0440\u043e\u0431\u043b\u0435\u043c\u0430 \u0441 \u044d\u0442\u0438\u043c \u043f\u043e\u0441\u0442\u0430\u0432\u0449\u0438\u043a\u043e\u043c \u0443\u0441\u043b\u0443\u0433.",
		"zh": "\u6211\u4eec\u68c0\u6d4b\u5230\u4ece\u4f60\u4e0a\u4e00\u6b21\u8fde\u63a5\u5230\u8be5\u670d\u52a1\u63d0\u4f9b\u8005\u5230\u672c\u6b21\u8fde\u63a5\u4e2d\u95f4\u95f4\u9694\u4ec5\u4ec5\u6570\u79d2\u7684\u65f6\u95f4\uff0c\u6211\u4eec\u731c\u6d4b\u8be5SP\u53ef\u80fd\u6709\u95ee\u9898",
		"ar": "\u064a\u0628\u062f\u0648 \u0627\u0646\u0643 \u0642\u062f \u0642\u0645\u062a \u0628\u062a\u0635\u062f\u064a\u0642 \u0627\u0644\u062f\u062e\u0648\u0644 \u0639\u062f\u0629 \u0645\u0631\u0627\u062a \u0644\u0645\u0642\u062f\u0645 \u0647\u0630\u0647 \u0627\u0644\u062e\u062f\u0645\u0629 \u062e\u0644\u0627\u0644 \u0627\u0644\u062b\u0648\u0627\u0646\u064a \u0627\u0644\u0642\u0644\u064a\u0644\u0629 \u0627\u0644\u0645\u0627\u0636\u064a\u0629 \u0645\u0645\u0627 \u064a\u0642\u0648\u062f\u0646\u0627 \u0644\u0644\u0627\u0639\u062a\u0642\u0627\u062f \u0628\u0648\u062c\u0648\u062f \u0645\u0634\u0643\u0644\u0629 \u0645\u0627 \u0628\u0647\u0630\u0627 \u0627\u0644 SP ",
		"lv": "P\u0113c p\u0113d\u0113j\u0101s autentifik\u0101cijas ir pag\u0101ju\u0161as tikai da\u017eas sekundes, t\u0101d\u0113\u013c, iesp\u0113jams, ir probl\u0113ma ar servisa pieg\u0101d\u0101t\u0101ju.",
		"id": "Kami telah mendeteksi kalau beberapa detik yang lalu sejak autentifikasi yang anda lakukan pada service provider ini, dan oleh karena itu diasumsikan ada masalah dengan SP ini",
		"sr": "Pro\u0161lo tek nekoliko sekundi otkad ste se zadnji put autentifikovali za pristup ovoj aplikaciji te stoga pretpostavljamo da se javio problem kod davaoca servisa.",
		"cs": "Zjistili jsme, \u017ee ub\u011bhlo pouze p\u00e1r sekund od Va\u0161eho minul\u00e9ho pri\u0159hl\u00e1\u0161en\u00ed pomoc\u00ed service providera a proto p\u0159edpokl\u00e1d\u00e1me, \u017ee nastala chyba v tom SP.",
		"ro": "A fost detectat faptul c\u0103 v-a\u021bi autentificat \u00een urm\u0103 cu doar c\u00e2teva secunde cu acest furnizor de servicii, se va considera c\u0103 exist\u0103 o problem\u0103 cu acest furnizor de servicii."
	},
	"warning_header": {
		"no": "For kort intervall imellom innloggingsforesp\u00f8rsler",
		"de": "Zu kurzes Intervall zwischen generellen Anmeldeereignissen.",
		"sl": "Prekratek interval med dogodki enotne prijave.",
		"pt": "Intervalo entre eventos de single sign on demasiado curto.",
		"sv": "F\u00f6r kort intervall mellan inloggningar.",
		"hr": "Prekratak interval izme\u0111u uzastopnih SSO prijava.",
		"da": "For kort interval mellem single sign on h\u00e6ndelse.",
		"fr": "Connexions uniques trop proches dans le temps.",
		"it": "L'intervallo tra le autenticazioni \u00e8 troppo breve.",
		"es": "Intervalo de tiempo muy corto entre eventos de sesi\u00f3n \u00fanica.",
		"nn": "For kort intervall mellom innloggingsforesp\u00f8rslar",
		"lt": "Per trumpas intervalas tarp prisijungim\u0173 prie paslaug\u0173.",
		"hu": "T\u00fal kev\u00e9s id\u0151 telt el a bel\u00e9p\u00e9si k\u00eds\u00e9rletek k\u00f6z\u00f6tt.",
		"nl": "Te kort interval tussen single sign on pogingen",
		"ja": "\u30b7\u30f3\u30b0\u30eb\u30b5\u30a4\u30f3\u30aa\u30f3\u30a4\u30d9\u30f3\u30c8\u306e\u9593\u9694\u304c\u77ed\u3059\u304e\u307e\u3059\u3002",
		"zh-tw": "\u55ae\u4e00\u7c3d\u5165\u4e8b\u4ef6\u9593\u9694\u904e\u77ed\u3002",
		"et": "Liiga l\u00fchike intervall \u00fchekordse sisselogimise s\u00fcndmuste vahel.",
		"he": "\u05e4\u05e8\u05e7 \u05d6\u05de\u05df \u05e7\u05e6\u05e8 \u05de\u05d9\u05d3\u05d9 \u05d1\u05d9\u05df \u05d0\u05e8\u05d5\u05e2\u05d9 \u05db\u05e0\u05d9\u05e1\u05d4 \u05d9\u05d7\u05d9\u05d3\u05d4.",
		"ru": "\u041e\u0447\u0435\u043d\u044c \u043a\u043e\u0440\u043e\u0442\u043a\u0438\u0439 \u043f\u0440\u043e\u043c\u0435\u0436\u0443\u0442\u043e\u043a \u0432\u0440\u0435\u043c\u0435\u043d\u0438 \u043c\u0435\u0436\u0434\u0443 \u0435\u0434\u0438\u043d\u044b\u043c \u0432\u0445\u043e\u0434\u043e\u043c \u0432 \u0441\u043e\u0431\u044b\u0442\u0438\u044f\u0445.",
		"zh": "\u5355\u70b9\u767b\u5f55\u4e8b\u4ef6\u4e4b\u95f4\u95f4\u9694\u592a\u77ed\u4e86",
		"ar": "\u0641\u062a\u0631\u0627\u062a \u0642\u0635\u064a\u0631\u0629 \u062c\u062f\u0627\u064b \u0628\u064a\u0646 \u0645\u062d\u0627\u0648\u0644\u0627\u062a \u062a\u0633\u062c\u064a\u0644 \u0627\u0644\u062f\u062e\u0648\u0644 \u0627\u0644\u0645\u0648\u062d\u062f ",
		"lv": "P\u0101r\u0101k mazs interv\u0101ls starp piesl\u0113g\u0161an\u0101s notikumiem.",
		"id": "Interval yang terlalu pendek antara event single sign on.",
		"sr": "Prekratak interval izme\u0111u uzastopnih SSO prijava.",
		"cs": "P\u0159\u00edli\u0161 kr\u00e1tk\u00fd interval mezi ud\u00e1lostmi jednoho prihl\u00e1\u0161en\u00ed.",
		"ro": "Interval prea scurt \u00eentre evenimentele <i>single sign-on<\/i>."
	},
	"retry": {
		"no": "Fors\u00f8k \u00e5 logge inn p\u00e5 nytt",
		"de": "Versuche Anmeldung erneut",
		"sl": "Ponovna prijava",
		"pt": "Tentar de novo",
		"sv": "F\u00f6rs\u00f6k med inloggningen igen",
		"hr": "Poku\u0161aj se prijaviti ponovo",
		"da": "Login igen",
		"fr": "R\u00e9-essayez de vous connecter",
		"it": "Riprovare a connettersi",
		"es": "Reintente autenticaci\u00f3n",
		"nn": "Pr\u00f8v \u00e5 logge inn p\u00e5 nytt",
		"lt": "Prisijunkite i\u0161 naujo",
		"hu": "\u00dajb\u00f3li bel\u00e9p\u00e9s",
		"nl": "Inloggen opnieuw proberen",
		"ja": "\u30ed\u30b0\u30a4\u30f3\u3092\u518d\u8a66\u884c",
		"zh-tw": "\u91cd\u8a66\u767b\u5165",
		"et": "Proovi uuesti logida",
		"he": "\u05e0\u05e1\u05d4 \u05e9\u05d5\u05d1 \u05dc\u05d4\u05ea\u05d7\u05d1\u05e8",
		"ru": "\u041f\u043e\u0432\u0442\u043e\u0440\u0438\u0442\u044c \u043f\u043e\u043f\u044b\u0442\u043a\u0443 \u0432\u0445\u043e\u0434\u0430",
		"zh": "\u91cd\u65b0\u5c1d\u8bd5\u767b\u9646",
		"ar": "\u0627\u0639\u062f \u062a\u0633\u062c\u064a\u0644 \u0627\u0644\u062f\u062e\u0648\u0644",
		"lv": "M\u0113\u0123in\u0101t piesl\u0113gties v\u0113lreiz",
		"id": "Coba login kembali",
		"sr": "Poku\u0161aj se prijaviti ponovo",
		"cs": "P\u0159ihla\u0161te se znovu.",
		"ro": "\u00cencerca\u021bi din nou"
	}
}
