<?xml version="1.0" encoding="UTF-8" standalone="yes"?>
<EntitiesDescriptor xmlns:xsi="http://www.w3.org/2001/XMLSchema-instance"
    xsi:schemaLocation="urn:oasis:names:tc:SAML:2.0:metadata ../../Users/andreas/Documents/UNINETT/AAISpecs/SAML-2.0/saml-schema-metadata-2.0.xsd"
    xmlns="urn:oasis:names:tc:SAML:2.0:metadata">
    

    <EntityDescriptor entityID="dev2.andreas.feide.no">
        <IDPSSODescriptor WantAuthnRequestsSigned="false"
            protocolSupportEnumeration="urn:oasis:names:tc:SAML:2.0:protocol">
            <Extensions>
                <Attribute xmlns="urn:oasis:names:tc:SAML:2.0:assertion" Name="urn:mace:feide.no:simplesamlphp:host">
                    <AttributeValue>dev2.andreas.feide.no</AttributeValue>
                </Attribute>
                <Attribute xmlns="urn:oasis:names:tc:SAML:2.0:assertion" Name="urn:mace:feide.no:simplesamlphp:privatekey">
                    <AttributeValue>server.pem</AttributeValue>
                </Attribute>
                <Attribute xmlns="urn:oasis:names:tc:SAML:2.0:assertion" Name="urn:mace:feide.no:simplesamlphp:certificate">
                    <AttributeValue>server.crt</AttributeValue>
                </Attribute>
                <Attribute xmlns="urn:oasis:names:tc:SAML:2.0:assertion" Name="urn:mace:feide.no:simplesamlphp:auth">
                    <AttributeValue>auth/login-ldapmulti.php</AttributeValue>
                </Attribute>
                <Attribute xmlns="urn:oasis:names:tc:SAML:2.0:assertion" Name="urn:mace:feide.no:simplesamlphp:requireconsent">
                    <AttributeValue>false</AttributeValue>
                </Attribute>
            </Extensions>
            <NameIDFormat>urn:oasis:names:tc:SAML:2.0:nameid-format:transient</NameIDFormat>
            <SingleSignOnService Binding="urn:oasis:names:tc:SAML:2.0:bindings:HTTP-Redirect"
                Location="https://"/>
        </IDPSSODescriptor>
    </EntityDescriptor>
    
    
    <EntityDescriptor entityID="dev.andreas.feide.no">
        <SPSSODescriptor protocolSupportEnumeration="urn:oasis:names:tc:SAML:2.0:protocol">
            <Extensions>
                <Attribute xmlns="urn:oasis:names:tc:SAML:2.0:assertion"
                    Name="urn:mace:feide.no:simplesamlphp:host">
                    <AttributeValue>dev.andreas.feide.no</AttributeValue>
                </Attribute>
                <Attribute xmlns="urn:oasis:names:tc:SAML:2.0:assertion"
                    Name="urn:mace:feide.no:simplesamlphp:ForceAuthn">
                    <AttributeValue>false</AttributeValue>
                </Attribute>
            </Extensions>
            <NameIDFormat>urn:oasis:names:tc:SAML:2.0:nameid-format:transient</NameIDFormat>
            <AssertionConsumerService index="1" Binding="sdf" Location="http://"/>
        </SPSSODescriptor>

    </EntityDescriptor>
    
    
    
</EntitiesDescriptor>
