{
	"header": {
		"hu": "Elutas\u00edtott azonos\u00edt\u00e1si m\u00f3d",
		"sv": "Felaktig autentiseringsteknik",
		"nn": "Feil innloggingsmetode",
		"da": "Forkert authentication context",
		"fr": "Contexte d'authentification \u00e9rron\u00e9",
		"et": "Vale autentimiskontekst",
		"lt": "Neteisingas autentifikacijos kontekstas",
		"sr": "Pogre\u0161an kontekst za autentifikaciju",
		"it": "Contesto di autenticazione errato",
		"nl": "Verkeerde authenticatiecontext",
		"es": "Contexto de autenticaci\u00f3n incorrecto",
		"ro": "Context de autentificare gre\u0219it",
		"ar": "\u0637\u0631\u064a\u0642\u0629 \u0627\u0644\u062a\u062d\u0642\u0642 \u0627\u0644\u0645\u0633\u062a\u062e\u062f\u0645\u0629 \u063a\u064a\u0631 \u0635\u062d\u064a\u062d\u0629",
		"ru": "\u041d\u0435\u043f\u0440\u0430\u0432\u0438\u043b\u044c\u043d\u044b\u0439 \u043a\u043e\u043d\u0442\u0435\u043a\u0441\u0442 \u0430\u0443\u0442\u0435\u043d\u0442\u0438\u0444\u0438\u043a\u0430\u0446\u0438\u0438",
		"cs": "\u0160patn\u00fd autentiza\u010dn\u00ed kontext"
	},
	"description": {
		"hu": "A m\u00f3d, ahogyan azonos\u00edtott t\u00e9ged a szem\u00e9lyazonoss\u00e1g szolg\u00e1ltat\u00f3d, nem elfogadott enn\u00e9l a szolg\u00e1ltat\u00e1sn\u00e1l. Val\u00f3sz\u00edn\u0171leg t\u00fal gyenge, vagy nem k\u00e9tfaktoros.",
		"sv": "Din autentiseringsteknik \u00e4r inte godk\u00e4nd av denna tj\u00e4nst, troligen \u00e4r den f\u00f6r svag eller \u00e4r inte en tv\u00e5-faktorsteknik.",
		"nn": "Du pr\u00f8ver \u00e5 logga inn med ein innloggingsmetode som ikkje er st\u00f8tta i tenesta. Truleg er autentiseringsniv\u00e5iet for l\u00e5gt, eller tenesta krav tofaktor-innlogging.",
		"da": "Din authentication context er ikke accepteret at denne tjeneste. Formentlig for svag eller manglende 2-faktor login.",
		"fr": "Votre contexte d'authentification n'est pas accept\u00e9 pour ce service. Probablement trop faible ou pas forte.",
		"et": "See teenus ei aktsepteeri sinu autentimiskonteksti. T\u00f5en\u00e4oliselt on see liiga n\u00f5rk v\u00f5i pole kaheastmeline.",
		"lt": "J\u016bs\u0173 autentikacijos kontekstas \u0161ioje paslaugoje nepriimamas. Grei\u010diausiai jis yra per silpnas arba ne dviej\u0173 faktori\u0173.",
		"sr": "Va\u0161 kontekst za autentifikaciju nije podr\u017ean od strane ovog servisa. Verovatno je previ\u0161e slab, ili nije autentifikacija sa dva faktora.",
		"it": "Il tuo contesto di autenticazione non \u00e8 accettato da questo servizio. Probabilmente troppo debole o non a due fattori.",
		"nl": "Uw authenticatiecontext wordt niet geaccepteerd door deze dienst. Wellicht is deze de zwak of niet twee-factor.",
		"es": "Este servicio no acepta el contexto de su autenticaci\u00f3n. Probablemente es demasiado d\u00e9bil o no est\u00e1 usando un segundo factor de autenticaci\u00f3n.",
		"ro": "Contextul de autentificare folosit nu este acceptat pentru acest serviciu. Probabil contextul de autentificare este prea slab\/simplu sau nu este de tipul cu 2 factori de autentificare.",
		"ar": "\u0637\u0631\u064a\u0642\u0629 \u0627\u0644\u062a\u062d\u0642\u0642 \u0627\u0644\u062a\u064a \u0627\u0633\u062a\u062e\u062f\u0645\u062a\u0647\u0627 \u063a\u064a\u0631 \u0645\u0642\u0628\u0648\u0644\u0629 \u0644\u0645\u0642\u062f\u0645 \u0627\u0644\u062e\u062f\u0645\u0629, \u063a\u0627\u0644\u0628\u0627 \u0647\u064a \u0623\u0642\u0644 \u0645\u0646 \u0645\u062a\u0637\u0644\u0628\u0627\u062a \u0645\u0642\u062f\u0645 \u0627\u0644\u062e\u062f\u0645\u0629 \u0627\u0644\u0630\u064a \u0642\u062f \u064a\u0637\u0644\u0628 \u062a\u062d\u0642\u0642\u0627\u0623\u0643\u062b\u0631 \u062a\u0639\u0642\u064a\u062f\u0627",
		"ru": "\u0412\u0430\u0448 \u043a\u043e\u043d\u0442\u0435\u043a\u0441\u0442 \u0430\u0443\u0442\u0435\u043d\u0442\u0438\u0444\u0438\u043a\u0430\u0446\u0438\u0438 \u043d\u0435 \u043f\u0440\u0438\u043d\u044f\u0442 \u0434\u0430\u043d\u043d\u044b\u043c \u0441\u0435\u0440\u0432\u0438\u0441\u043e\u043c. \u041b\u0438\u0431\u043e \u0441\u043b\u0438\u0448\u043a\u043e\u043c \u0441\u043b\u0430\u0431\u044b\u0439, \u043b\u0438\u0431\u043e \u043d\u0435 \u0434\u0432\u0443\u0445-\u0444\u0430\u043a\u0442\u043e\u0440\u043d\u044b\u0439.",
		"cs": "V\u00e1\u0161 autentiza\u010dn\u00ed kontext nen\u00ed touto slu\u017ebou akceptov\u00e1n. Pravd\u011bpodobn\u00e9 p\u0159\u00edli\u0161 snadn\u00e9 nebo nedvoufaktorov\u00e9."
	}
}
