{
	"frontpage_link": {
		"no": "Metadata aggregator",
		"de": "Metadaten-Aggregator",
		"sl": "Agregator metapodatkov",
		"pt": "Agregador de Metadados",
		"sv": "Metadatasammanst\u00e4llare",
		"hr": "Agregator metapodataka",
		"da": "Metadata aggregator",
		"fr": "Agr\u00e9gateur de m\u00e9tadonn\u00e9es",
		"nn": "Oppsamling av metadata",
		"it": "Aggregatore dei metadati",
		"es": "Agregador de metadatos",
		"lt": "Metaduomen\u0173 surink\u0117jas",
		"nl": "Metadata-aggregator",
		"ja": "\u30e1\u30bf\u30c7\u30fc\u30bf \u30a2\u30b0\u30ea\u30b1\u30fc\u30bf",
		"zh-tw": "\u8a6e\u91cb\u8cc7\u6599\u532f\u96c6",
		"et": "Metaandmete agregeerija",
		"he": "\u05e9\u05d5\u05dc\u05e3 \u05de\u05d8\u05d0-\u05de\u05d9\u05d3\u05e2 ",
		"ru": "\u0410\u0433\u0440\u0435\u0433\u0430\u0442\u043e\u0440 \u043c\u0435\u0442\u0430\u0434\u0430\u043d\u043d\u044b\u0445",
		"zh": "\u5143\u4fe1\u606f\u805a\u5408\u5668",
		"ar": " \u0645\u062c\u0645\u0639 \u0627\u0644\u0628\u064a\u0627\u0646\u0627\u062a \u0627\u0644\u0648\u0635\u0641\u064a\u0629\/ \u0627\u0644\u0645\u064a\u062a\u0627\u062f\u0627\u062a\u0627",
		"lv": "Metadatu agregators",
		"id": "Aggregator metadata",
		"sr": "Agregator metapodataka"
	},
	"aggregator_header": {
		"no": "Aggregatorer",
		"de": "Aggregatoren",
		"sl": "Agregatorji",
		"pt": "Agregadores",
		"sv": "Sammanst\u00e4llare",
		"hr": "Agregatori",
		"da": "Aggregatorer",
		"fr": "Agr\u00e9gateurs",
		"nn": "Aggregering",
		"it": "Aggregatori",
		"es": "Agregadores",
		"lt": "Surink\u0117jai",
		"nl": "Aggregatoren",
		"ja": "\u30a2\u30b0\u30ea\u30b1\u30fc\u30bf",
		"zh-tw": "\u532f\u96c6",
		"et": "Agregeerijad",
		"he": "\u05e9\u05d5\u05dc\u05e4\u05d9 \u05de\u05d9\u05d3\u05e2",
		"ru": "\u0410\u0433\u0440\u0435\u0433\u0430\u0442\u043e\u0440\u044b",
		"zh": "\u805a\u5408\u5668",
		"ar": "\u0645\u062c\u0645\u0639\u0627\u062a",
		"lv": "Agregatori",
		"id": "Aggregator",
		"sr": "Agregatori"
	},
	"no_aggregators": {
		"no": "Ingen aggregator definert i konfigurasjonen",
		"de": "Keine Aggregatoren in der Konfiguration definiert.",
		"sl": "V nastavitvah ni definiran noben agregator.",
		"pt": "N\u00e3o foram definidos agregadores na configura\u00e7\u00e3o.",
		"sv": "Inga sammanst\u00e4llare (aggregators) definierade i konfigurationen.",
		"hr": "U konfiguraciji nije definiran niti jedan agregator.",
		"da": "Ingen aggregator defineret i konfigurationen",
		"fr": "Aucun agr\u00e9gateur n'a \u00e9t\u00e9 d\u00e9fini dans la configuration.",
		"nn": "Aggregrering er ikkje definert i konfigurasjonen.",
		"it": "Non ci sono aggregatori definiti nella configurazione.",
		"es": "No ha sido definido ning\u00fan agregador en la configuraci\u00f3n.",
		"lt": "Konfig\u016bracijoje nenurodyti jokie surink\u0117jai.",
		"nl": "Geen aggregator gedefinieerd in de configuratie.",
		"ja": "\u8a2d\u5b9a\u30d5\u30a1\u30a4\u30eb\u306b\u30a2\u30b0\u30ea\u30b1\u30fc\u30bf\u304c\u898b\u3064\u304b\u308a\u307e\u305b\u3093\u3002",
		"zh-tw": "\u8a2d\u5b9a\u6a94\u7121\u532f\u96c6\u5b9a\u7fa9",
		"et": "Seadistustes pole agregeerijaid kirjeldatud.",
		"he": "\u05dc\u05d0 \u05de\u05d5\u05d2\u05d3\u05e8\u05d9\u05dd \u05e9\u05d5\u05dc\u05e4\u05d9 \u05de\u05d9\u05d3\u05e2.",
		"ru": "\u0412 \u043a\u043e\u043d\u0444\u0438\u0433\u0443\u0440\u0430\u0446\u0438\u0438 \u043d\u0435 \u043e\u043f\u0440\u0435\u0434\u0435\u043b\u0435\u043d\u044b \u0430\u0433\u0440\u0435\u0433\u0430\u0442\u043e\u0440\u044b.",
		"zh": "\u914d\u7f6e\u4e2d\u6ca1\u6709\u5b9a\u4e49\u805a\u5408\u5668",
		"ar": "\u0644\u0645 \u064a\u062a\u0645 \u062a\u062d\u062f\u064a\u062f \u0627\u0644\u0645\u062c\u0645\u0639\u0627\u062a \u0628\u0627\u0644\u0643\u0648\u0646\u0641\u064a\u063a\u0631\u0627\u0634\u0646",
		"lv": "Konfigur\u0101cij\u0101 nav defin\u0113ti agregatori.",
		"id": "Tidak ada aggregator yang didefinisikan di konfigurasi",
		"sr": "U pode\u0161avanjima nije definisan nijedan agregator."
	},
	"text": {
		"no": "tekst",
		"de": "Text",
		"sl": "Besedilo",
		"pt": "Texto",
		"sv": "Text",
		"hr": "tekst",
		"da": "tekst",
		"fr": "texte",
		"nn": "Tekst",
		"it": "testo",
		"es": "texto",
		"lt": "Tekstas",
		"nl": "tekst",
		"ja": "\u30c6\u30ad\u30b9\u30c8",
		"zh-tw": "\u6587\u5b57",
		"et": "tekst",
		"he": "\u05d8\u05e7\u05d8\u05e1",
		"ru": "\u0442\u0435\u043a\u0441\u0442",
		"zh": "\u6587\u672c",
		"ar": "\u0646\u0635",
		"lv": "teksts",
		"id": "teks",
		"sr": "tekst"
	}
}
